{"stats":{"minecraft:dropped":{"minecraft:diamond":11,"minecraft:crafting_table":2,"minecraft:rotten_flesh":2,"minecraft:oak_planks":6,"minecraft:stick":2,"minecraft:melon_slice":5},"minecraft:custom":{"minecraft:interact_with_furnace":1,"minecraft:mob_kills":6,"minecraft:interact_with_crafting_table":7,"minecraft:interact_with_cartography_table":1,"minecraft:leave_game":1,"minecraft:time_since_death":17772,"minecraft:sleep_in_bed":1,"minecraft:climb_one_cm":1156,"minecraft:time_since_rest":17804,"minecraft:sprint_one_cm":147282,"minecraft:damage_taken":3408,"minecraft:walk_one_cm":112501,"minecraft:drop":16,"minecraft:damage_dealt":3450,"minecraft:swim_one_cm":3996,"minecraft:fly_one_cm":178159,"minecraft:player_kills":2,"minecraft:open_chest":3,"minecraft:crouch_one_cm":124,"minecraft:play_time":40559,"minecraft:deaths":12,"minecraft:sneak_time":24,"minecraft:walk_under_water_one_cm":9983,"minecraft:jump":1035,"minecraft:walk_on_water_one_cm":11776,"minecraft:total_world_time":40559,"minecraft:fall_one_cm":33556},"minecraft:killed_by":{"minecraft:player":2,"minecraft:iron_golem":8},"minecraft:crafted":{"minecraft:oak_planks":72,"minecraft:crafting_table":1,"minecraft:oak_pressure_plate":1,"minecraft:bucket":1,"minecraft:bread":3,"minecraft:diamond_pickaxe":1,"minecraft:iron_axe":2,"minecraft:stick":8,"minecraft:iron_pickaxe":2,"minecraft:oak_button":9,"minecraft:wheat":9},"minecraft:used":{"minecraft:water_bucket":5,"minecraft:stone_pickaxe":30,"minecraft:oak_planks":2,"minecraft:wooden_pickaxe":2,"minecraft:sand":16,"minecraft:crafting_table":4,"minecraft:bread":3,"minecraft:iron_axe":43,"minecraft:melon_slice":12,"minecraft:oak_button":9,"minecraft:iron_pickaxe":14,"minecraft:bucket":6},"minecraft:killed":{"minecraft:iron_golem":3,"minecraft:zombie":2},"minecraft:mined":{"minecraft:deepslate_diamond_ore":11,"minecraft:crafting_table":3,"minecraft:short_grass":17,"minecraft:melon":5,"minecraft:jungle_planks":2,"minecraft:tall_grass":6,"minecraft:deepslate_gold_ore":1,"minecraft:oak_planks":2,"minecraft:wheat":2,"minecraft:oak_log":18,"minecraft:sand":17,"minecraft:dripstone_block":1,"minecraft:bamboo":1,"minecraft:oak_leaves":2,"minecraft:deepslate":1},"minecraft:picked_up":{"minecraft:crafting_table":7,"minecraft:wheat":1,"minecraft:wooden_pickaxe":1,"minecraft:oak_log":18,"minecraft:string":1,"minecraft:iron_axe":1,"minecraft:wooden_sword":3,"minecraft:wheat_seeds":7,"minecraft:cobbled_deepslate":1,"minecraft:raw_gold":1,"minecraft:iron_ingot":56,"minecraft:stone_pickaxe":1,"minecraft:bamboo":5,"minecraft:melon_slice":25,"minecraft:oak_planks":17,"minecraft:egg":1,"minecraft:stick":15,"minecraft:sand":17,"minecraft:dripstone_block":1,"minecraft:jungle_planks":2,"minecraft:pointed_dripstone":2,"minecraft:arrow":4,"minecraft:rotten_flesh":3,"minecraft:diamond":14,"minecraft:hay_block":1}},"DataVersion":3953}