{"stats":{"minecraft:dropped":{"minecraft:crafting_table":2},"minecraft:custom":{"minecraft:time_since_rest":426,"minecraft:sprint_one_cm":68244,"minecraft:damage_taken":1463,"minecraft:walk_one_cm":59920,"minecraft:mob_kills":3,"minecraft:drop":2,"minecraft:damage_dealt":1906,"minecraft:player_kills":2,"minecraft:interact_with_cartography_table":1,"minecraft:interact_with_crafting_table":4,"minecraft:fly_one_cm":108135,"minecraft:open_chest":2,"minecraft:crouch_one_cm":116,"minecraft:play_time":15122,"minecraft:deaths":5,"minecraft:sneak_time":18,"minecraft:jump":485,"minecraft:time_since_death":399,"minecraft:walk_on_water_one_cm":59,"minecraft:sleep_in_bed":1,"minecraft:climb_one_cm":41,"minecraft:total_world_time":15122,"minecraft:fall_one_cm":12033},"minecraft:killed_by":{"minecraft:iron_golem":2,"minecraft:player":2},"minecraft:crafted":{"minecraft:iron_axe":1,"minecraft:iron_pickaxe":1,"minecraft:oak_button":9,"minecraft:bread":3,"minecraft:wheat":9},"minecraft:used":{"minecraft:iron_axe":16,"minecraft:bread":3,"minecraft:stone_pickaxe":30,"minecraft:oak_button":8,"minecraft:wooden_pickaxe":2,"minecraft:sand":4,"minecraft:crafting_table":2},"minecraft:killed":{"minecraft:zombie":1,"minecraft:iron_golem":1},"minecraft:mined":{"minecraft:wheat":1,"minecraft:crafting_table":2,"minecraft:short_grass":7,"minecraft:sand":4,"minecraft:tall_grass":6},"minecraft:picked_up":{"minecraft:stick":7,"minecraft:crafting_table":6,"minecraft:wheat":1,"minecraft:wooden_pickaxe":1,"minecraft:sand":4,"minecraft:string":1,"minecraft:iron_axe":1,"minecraft:wooden_sword":3,"minecraft:arrow":4,"minecraft:rotten_flesh":2,"minecraft:wheat_seeds":4,"minecraft:hay_block":1,"minecraft:iron_ingot":6,"minecraft:stone_pickaxe":1,"minecraft:oak_planks":9,"minecraft:egg":1}},"DataVersion":3953}