{"stats":{"minecraft:dropped":{"minecraft:crafting_table":2,"minecraft:rotten_flesh":2},"minecraft:custom":{"minecraft:time_since_rest":4367,"minecraft:sprint_one_cm":130821,"minecraft:damage_taken":3298,"minecraft:walk_one_cm":89618,"minecraft:mob_kills":5,"minecraft:drop":4,"minecraft:damage_dealt":3268,"minecraft:swim_one_cm":619,"minecraft:player_kills":2,"minecraft:interact_with_cartography_table":1,"minecraft:interact_with_crafting_table":6,"minecraft:fly_one_cm":154351,"minecraft:open_chest":3,"minecraft:crouch_one_cm":116,"minecraft:play_time":27122,"minecraft:deaths":12,"minecraft:sneak_time":19,"minecraft:walk_under_water_one_cm":36,"minecraft:jump":800,"minecraft:time_since_death":4335,"minecraft:walk_on_water_one_cm":406,"minecraft:sleep_in_bed":1,"minecraft:climb_one_cm":602,"minecraft:total_world_time":27122,"minecraft:fall_one_cm":23953},"minecraft:killed_by":{"minecraft:iron_golem":8,"minecraft:player":2},"minecraft:crafted":{"minecraft:oak_planks":36,"minecraft:iron_axe":2,"minecraft:crafting_table":1,"minecraft:stick":4,"minecraft:oak_pressure_plate":1,"minecraft:iron_pickaxe":2,"minecraft:oak_button":9,"minecraft:bucket":1,"minecraft:bread":3,"minecraft:wheat":9},"minecraft:used":{"minecraft:melon_slice":3,"minecraft:oak_planks":1,"minecraft:iron_axe":30,"minecraft:bread":3,"minecraft:stone_pickaxe":30,"minecraft:oak_button":9,"minecraft:wooden_pickaxe":2,"minecraft:sand":16,"minecraft:crafting_table":3,"minecraft:bucket":1},"minecraft:killed":{"minecraft:zombie":1,"minecraft:iron_golem":3},"minecraft:mined":{"minecraft:wheat":2,"minecraft:crafting_table":3,"minecraft:short_grass":17,"minecraft:melon":5,"minecraft:oak_log":9,"minecraft:jungle_planks":2,"minecraft:sand":17,"minecraft:tall_grass":6,"minecraft:oak_planks":2,"minecraft:oak_leaves":2},"minecraft:picked_up":{"minecraft:stick":15,"minecraft:crafting_table":7,"minecraft:wheat":1,"minecraft:wooden_pickaxe":1,"minecraft:jungle_planks":2,"minecraft:sand":17,"minecraft:oak_log":9,"minecraft:string":1,"minecraft:iron_axe":1,"minecraft:wooden_sword":3,"minecraft:arrow":4,"minecraft:rotten_flesh":2,"minecraft:wheat_seeds":7,"minecraft:hay_block":1,"minecraft:iron_ingot":56,"minecraft:stone_pickaxe":1,"minecraft:melon_slice":21,"minecraft:oak_planks":11,"minecraft:egg":1}},"DataVersion":3953}