{"stats":{"minecraft:custom":{"minecraft:jump":96,"minecraft:open_chest":2,"minecraft:time_since_rest":279,"minecraft:damage_dealt":166,"minecraft:crouch_one_cm":113,"minecraft:deaths":2,"minecraft:sprint_one_cm":14002,"minecraft:play_time":3122,"minecraft:damage_taken":511,"minecraft:time_since_death":252,"minecraft:walk_one_cm":14610,"minecraft:sneak_time":15,"minecraft:total_world_time":3122,"minecraft:interact_with_cartography_table":1,"minecraft:fall_one_cm":3268,"minecraft:fly_one_cm":24713},"minecraft:killed_by":{"minecraft:iron_golem":1},"minecraft:mined":{"minecraft:sand":3},"minecraft:picked_up":{"minecraft:crafting_table":1,"minecraft:stone_pickaxe":1,"minecraft:wooden_pickaxe":1,"minecraft:stick":2}},"DataVersion":3953}