{"stats":{"minecraft:killed_by":{"minecraft:creeper":1},"minecraft:picked_up":{"minecraft:wooden_axe":2,"minecraft:crafting_table":3,"minecraft:clay_ball":4,"minecraft:jungle_log":6,"minecraft:wooden_pickaxe":1,"minecraft:tuff":4,"minecraft:oak_log":7,"minecraft:string":2,"minecraft:dirt":13,"minecraft:wooden_sword":2,"minecraft:bone":2,"minecraft:wheat_seeds":1,"minecraft:cobbled_deepslate":4,"minecraft:raw_gold":1,"minecraft:iron_ingot":7,"minecraft:stone_pickaxe":1,"minecraft:jungle_sapling":1,"minecraft:light_gray_wool":1,"minecraft:melon_slice":88,"minecraft:sugar_cane":34,"minecraft:flowering_azalea":1,"minecraft:oak_planks":56,"minecraft:furnace":2,"minecraft:stick":11,"minecraft:raw_iron":46,"minecraft:sandstone":13,"minecraft:torch":5,"minecraft:sand":2,"minecraft:porkchop":3,"minecraft:jungle_planks":17,"minecraft:arrow":5,"minecraft:stone_sword":1,"minecraft:rotten_flesh":10,"minecraft:diamond":7,"minecraft:mutton":14,"minecraft:coal":12,"minecraft:white_wool":11,"minecraft:cobblestone":29},"minecraft:broken":{"minecraft:wooden_pickaxe":1},"minecraft:dropped":{"minecraft:stone_axe":1,"minecraft:light_gray_wool":1,"minecraft:oak_planks":28,"minecraft:string":1},"minecraft:crafted":{"minecraft:oak_planks":28,"minecraft:crafting_table":2,"minecraft:iron_helmet":1,"minecraft:iron_sword":1,"minecraft:furnace":2,"minecraft:stone_axe":1,"minecraft:air":0,"minecraft:jungle_planks":24,"minecraft:iron_boots":1,"minecraft:iron_chestplate":1,"minecraft:stick":28,"minecraft:iron_ingot":24,"minecraft:iron_pickaxe":1,"minecraft:stone_pickaxe":1,"minecraft:stone_sword":1,"minecraft:iron_leggings":1,"minecraft:torch":40},"minecraft:mined":{"minecraft:tuff":4,"minecraft:flowering_azalea":1,"minecraft:deepslate_diamond_ore":7,"minecraft:clay":1,"minecraft:crafting_table":2,"minecraft:torch":1,"minecraft:short_grass":12,"minecraft:melon":15,"minecraft:tall_grass":7,"minecraft:sugar_cane":7,"minecraft:sandstone":13,"minecraft:wall_torch":3,"minecraft:tall_seagrass":1,"minecraft:furnace":2,"minecraft:iron_ore":15,"minecraft:fire":2,"minecraft:oak_log":7,"minecraft:coal_ore":12,"minecraft:deepslate_iron_ore":28,"minecraft:sand":2,"minecraft:stone":26,"minecraft:small_dripleaf":1,"minecraft:deepslate":4,"minecraft:fern":2},"minecraft:used":{"minecraft:stone_sword":21,"minecraft:stone_pickaxe":59,"minecraft:wooden_pickaxe":28,"minecraft:sandstone":13,"minecraft:iron_sword":71,"minecraft:iron_chestplate":1,"minecraft:white_wool":2,"minecraft:torch":45,"minecraft:dirt":13,"minecraft:sand":2,"minecraft:mutton":3,"minecraft:crafting_table":3,"minecraft:tuff":4,"minecraft:wooden_axe":7,"minecraft:iron_pickaxe":25,"minecraft:melon_slice":48,"minecraft:iron_helmet":1,"minecraft:stone_axe":3,"minecraft:wooden_sword":14,"minecraft:furnace":2,"minecraft:golden_axe":1},"minecraft:custom":{"minecraft:interact_with_furnace":17,"minecraft:mob_kills":24,"minecraft:interact_with_crafting_table":13,"minecraft:leave_game":1,"minecraft:time_since_death":25055,"minecraft:climb_one_cm":1114,"minecraft:time_since_rest":25092,"minecraft:sprint_one_cm":124518,"minecraft:damage_taken":1068,"minecraft:walk_one_cm":77485,"minecraft:drop":4,"minecraft:damage_dealt":4086,"minecraft:swim_one_cm":9736,"minecraft:fly_one_cm":274440,"minecraft:player_kills":1,"minecraft:open_chest":1,"minecraft:crouch_one_cm":7721,"minecraft:play_time":40656,"minecraft:deaths":1,"minecraft:sneak_time":3958,"minecraft:walk_under_water_one_cm":1960,"minecraft:jump":1259,"minecraft:walk_on_water_one_cm":6444,"minecraft:total_world_time":40656,"minecraft:fall_one_cm":37084},"minecraft:killed":{"minecraft:pig":1,"minecraft:spider":1,"minecraft:creeper":1,"minecraft:skeleton":6,"minecraft:sheep":8,"minecraft:zombie":7}},"DataVersion":3953}