{"stats":{"minecraft:picked_up":{"minecraft:wooden_axe":1,"minecraft:wooden_sword":1,"minecraft:stick":1,"minecraft:jungle_log":6,"minecraft:wooden_pickaxe":1,"minecraft:tuff":4,"minecraft:oak_log":7,"minecraft:melon_slice":34,"minecraft:sugar_cane":17,"minecraft:mutton":6,"minecraft:white_wool":5},"minecraft:mined":{"minecraft:short_grass":7,"minecraft:tall_seagrass":1,"minecraft:oak_log":7,"minecraft:melon":6,"minecraft:fire":2,"minecraft:sugar_cane":7,"minecraft:fern":2,"minecraft:tuff":4},"minecraft:used":{"minecraft:wooden_axe":7,"minecraft:wooden_sword":14,"minecraft:mutton":1,"minecraft:melon_slice":12,"minecraft:wooden_pickaxe":4,"minecraft:tuff":4},"minecraft:custom":{"minecraft:time_since_rest":10656,"minecraft:crouch_one_cm":1044,"minecraft:play_time":10656,"minecraft:sprint_one_cm":45171,"minecraft:damage_taken":165,"minecraft:walk_one_cm":17487,"minecraft:sneak_time":426,"minecraft:walk_under_water_one_cm":989,"minecraft:mob_kills":5,"minecraft:jump":422,"minecraft:damage_dealt":590,"minecraft:leave_game":1,"minecraft:time_since_death":10656,"minecraft:walk_on_water_one_cm":1177,"minecraft:total_world_time":10656,"minecraft:climb_one_cm":432,"minecraft:swim_one_cm":9020,"minecraft:fly_one_cm":111561,"minecraft:fall_one_cm":12822,"minecraft:player_kills":1},"minecraft:killed":{"minecraft:sheep":5}},"DataVersion":3953}