{"stats":{"minecraft:killed_by":{"minecraft:creeper":1},"minecraft:picked_up":{"minecraft:wooden_axe":3,"minecraft:crafting_table":3,"minecraft:clay_ball":20,"minecraft:jungle_log":6,"minecraft:wooden_pickaxe":1,"minecraft:flint":1,"minecraft:tuff":4,"minecraft:oak_log":7,"minecraft:gunpowder":2,"minecraft:amethyst_block":2,"minecraft:string":3,"minecraft:dirt":13,"minecraft:iron_leggings":1,"minecraft:wooden_sword":2,"minecraft:bone":5,"minecraft:wheat_seeds":2,"minecraft:cobbled_deepslate":24,"minecraft:raw_gold":1,"minecraft:iron_ingot":7,"minecraft:stone_pickaxe":1,"minecraft:jungle_sapling":1,"minecraft:light_gray_wool":1,"minecraft:melon_slice":88,"minecraft:sugar_cane":34,"minecraft:flowering_azalea":1,"minecraft:oak_planks":56,"minecraft:iron_boots":1,"minecraft:furnace":2,"minecraft:stick":11,"minecraft:raw_iron":61,"minecraft:sandstone":13,"minecraft:gravel":4,"minecraft:torch":5,"minecraft:sand":2,"minecraft:porkchop":3,"minecraft:jungle_planks":19,"minecraft:amethyst_shard":4,"minecraft:arrow":6,"minecraft:stone_sword":1,"minecraft:rotten_flesh":14,"minecraft:diamond":29,"minecraft:iron_helmet":1,"minecraft:granite":2,"minecraft:glow_berries":12,"minecraft:mutton":14,"minecraft:coal":12,"minecraft:white_wool":11,"minecraft:cobblestone":56},"minecraft:broken":{"minecraft:wooden_pickaxe":1},"minecraft:dropped":{"minecraft:stone_axe":1,"minecraft:wheat_seeds":2,"minecraft:cobbled_deepslate":2,"minecraft:iron_helmet":1,"minecraft:clay_ball":4,"minecraft:iron_boots":1,"minecraft:light_gray_wool":1,"minecraft:oak_planks":29,"minecraft:amethyst_block":1,"minecraft:wooden_axe":2,"minecraft:iron_leggings":1,"minecraft:jungle_sapling":1,"minecraft:flowering_azalea":1,"minecraft:string":2},"minecraft:crafted":{"minecraft:oak_planks":28,"minecraft:diamond_sword":1,"minecraft:crafting_table":2,"minecraft:iron_helmet":1,"minecraft:iron_sword":1,"minecraft:furnace":2,"minecraft:stone_axe":1,"minecraft:amethyst_block":1,"minecraft:air":0,"minecraft:jungle_planks":24,"minecraft:diamond_helmet":1,"minecraft:diamond_leggings":1,"minecraft:diamond_pickaxe":1,"minecraft:iron_boots":1,"minecraft:iron_chestplate":1,"minecraft:stick":28,"minecraft:iron_ingot":24,"minecraft:iron_pickaxe":1,"minecraft:stone_pickaxe":1,"minecraft:diamond_boots":1,"minecraft:stone_sword":1,"minecraft:iron_leggings":1,"minecraft:torch":40,"minecraft:clay":3,"minecraft:diamond_chestplate":1},"minecraft:mined":{"minecraft:large_amethyst_bud":1,"minecraft:tuff":4,"minecraft:flowering_azalea":1,"minecraft:deepslate_diamond_ore":29,"minecraft:amethyst_cluster":1,"minecraft:granite":3,"minecraft:clay":4,"minecraft:crafting_table":3,"minecraft:torch":1,"minecraft:cave_vines_plant":4,"minecraft:short_grass":12,"minecraft:melon":15,"minecraft:jungle_planks":2,"minecraft:tall_grass":8,"minecraft:sugar_cane":7,"minecraft:sandstone":13,"minecraft:wall_torch":3,"minecraft:amethyst_block":1,"minecraft:tall_seagrass":1,"minecraft:furnace":2,"minecraft:cobbled_deepslate":2,"minecraft:iron_ore":20,"minecraft:fire":2,"minecraft:cave_vines":23,"minecraft:oak_log":7,"minecraft:coal_ore":12,"minecraft:deepslate_iron_ore":38,"minecraft:gravel":5,"minecraft:sand":2,"minecraft:stone":56,"minecraft:small_dripleaf":1,"minecraft:deepslate":18,"minecraft:fern":2},"minecraft:used":{"minecraft:amethyst_block":2,"minecraft:stone_sword":21,"minecraft:stone_pickaxe":59,"minecraft:wooden_pickaxe":28,"minecraft:sandstone":13,"minecraft:clay":3,"minecraft:iron_sword":115,"minecraft:glow_berries":11,"minecraft:iron_chestplate":1,"minecraft:white_wool":4,"minecraft:torch":45,"minecraft:dirt":13,"minecraft:sand":2,"minecraft:mutton":7,"minecraft:crafting_table":4,"minecraft:jungle_planks":3,"minecraft:tuff":4,"minecraft:granite":2,"minecraft:wooden_axe":7,"minecraft:diamond_pickaxe":49,"minecraft:iron_pickaxe":77,"minecraft:melon_slice":69,"minecraft:iron_helmet":1,"minecraft:gravel":4,"minecraft:stone_axe":3,"minecraft:wooden_sword":14,"minecraft:cobblestone":29,"minecraft:furnace":2,"minecraft:cobbled_deepslate":22,"minecraft:golden_axe":14},"minecraft:custom":{"minecraft:interact_with_furnace":17,"minecraft:mob_kills":35,"minecraft:interact_with_crafting_table":19,"minecraft:leave_game":1,"minecraft:time_since_death":49055,"minecraft:climb_one_cm":1436,"minecraft:time_since_rest":49092,"minecraft:sprint_one_cm":154318,"minecraft:damage_taken":1455,"minecraft:walk_one_cm":108305,"minecraft:drop":19,"minecraft:damage_dealt":6167,"minecraft:swim_one_cm":11935,"minecraft:fly_one_cm":337190,"minecraft:player_kills":1,"minecraft:open_chest":1,"minecraft:crouch_one_cm":11142,"minecraft:play_time":64656,"minecraft:deaths":1,"minecraft:sneak_time":5629,"minecraft:walk_under_water_one_cm":2428,"minecraft:jump":1724,"minecraft:walk_on_water_one_cm":9056,"minecraft:total_world_time":64656,"minecraft:fall_one_cm":47853},"minecraft:killed":{"minecraft:pig":1,"minecraft:spider":3,"minecraft:creeper":3,"minecraft:skeleton":8,"minecraft:sheep":8,"minecraft:zombie":12}},"DataVersion":3953}