{"stats":{"minecraft:killed_by":{"minecraft:creeper":1},"minecraft:picked_up":{"minecraft:wooden_axe":2,"minecraft:crafting_table":2,"minecraft:jungle_log":6,"minecraft:wooden_pickaxe":1,"minecraft:tuff":4,"minecraft:oak_log":7,"minecraft:string":2,"minecraft:dirt":13,"minecraft:wooden_sword":2,"minecraft:cobbled_deepslate":4,"minecraft:raw_gold":1,"minecraft:stone_pickaxe":1,"minecraft:jungle_sapling":1,"minecraft:light_gray_wool":1,"minecraft:melon_slice":88,"minecraft:sugar_cane":34,"minecraft:oak_planks":56,"minecraft:stick":11,"minecraft:raw_iron":31,"minecraft:sandstone":13,"minecraft:torch":1,"minecraft:sand":2,"minecraft:porkchop":3,"minecraft:jungle_planks":14,"minecraft:stone_sword":1,"minecraft:mutton":14,"minecraft:coal":12,"minecraft:white_wool":11,"minecraft:cobblestone":29},"minecraft:broken":{"minecraft:wooden_pickaxe":1},"minecraft:dropped":{"minecraft:stone_axe":1,"minecraft:oak_planks":28,"minecraft:string":1},"minecraft:crafted":{"minecraft:oak_planks":28,"minecraft:crafting_table":2,"minecraft:iron_helmet":1,"minecraft:furnace":2,"minecraft:stone_axe":1,"minecraft:air":0,"minecraft:jungle_planks":24,"minecraft:stick":28,"minecraft:iron_ingot":5,"minecraft:stone_pickaxe":1,"minecraft:stone_sword":1,"minecraft:torch":40},"minecraft:mined":{"minecraft:tuff":4,"minecraft:crafting_table":1,"minecraft:short_grass":8,"minecraft:melon":15,"minecraft:tall_grass":2,"minecraft:sugar_cane":7,"minecraft:sandstone":13,"minecraft:tall_seagrass":1,"minecraft:iron_ore":12,"minecraft:fire":2,"minecraft:oak_log":7,"minecraft:coal_ore":12,"minecraft:deepslate_iron_ore":16,"minecraft:sand":2,"minecraft:stone":26,"minecraft:deepslate":4,"minecraft:fern":2},"minecraft:used":{"minecraft:stone_sword":21,"minecraft:stone_pickaxe":59,"minecraft:wooden_pickaxe":28,"minecraft:sandstone":13,"minecraft:white_wool":1,"minecraft:torch":24,"minecraft:dirt":10,"minecraft:sand":2,"minecraft:mutton":1,"minecraft:crafting_table":3,"minecraft:tuff":4,"minecraft:wooden_axe":7,"minecraft:melon_slice":30,"minecraft:iron_helmet":1,"minecraft:stone_axe":3,"minecraft:wooden_sword":14,"minecraft:furnace":2},"minecraft:custom":{"minecraft:interact_with_furnace":4,"minecraft:mob_kills":10,"minecraft:interact_with_crafting_table":8,"minecraft:leave_game":1,"minecraft:time_since_death":13055,"minecraft:climb_one_cm":894,"minecraft:time_since_rest":13092,"minecraft:sprint_one_cm":94023,"minecraft:damage_taken":561,"minecraft:walk_one_cm":46371,"minecraft:drop":3,"minecraft:damage_dealt":1200,"minecraft:swim_one_cm":9736,"minecraft:fly_one_cm":230854,"minecraft:player_kills":1,"minecraft:open_chest":1,"minecraft:crouch_one_cm":4436,"minecraft:play_time":28656,"minecraft:deaths":1,"minecraft:sneak_time":2832,"minecraft:walk_under_water_one_cm":1960,"minecraft:jump":962,"minecraft:walk_on_water_one_cm":6053,"minecraft:total_world_time":28656,"minecraft:fall_one_cm":28346},"minecraft:killed":{"minecraft:pig":1,"minecraft:spider":1,"minecraft:sheep":8}},"DataVersion":3953}