{"stats":{"minecraft:custom":{"minecraft:interact_with_furnace":4,"minecraft:mob_kills":10,"minecraft:interact_with_crafting_table":9,"minecraft:leave_game":1,"minecraft:time_since_death":41403,"minecraft:climb_one_cm":2095,"minecraft:time_since_rest":41430,"minecraft:sprint_one_cm":145669,"minecraft:damage_taken":473,"minecraft:walk_one_cm":57774,"minecraft:drop":4,"minecraft:damage_dealt":850,"minecraft:swim_one_cm":37879,"minecraft:fly_one_cm":105765,"minecraft:open_chest":1,"minecraft:crouch_one_cm":1779,"minecraft:play_time":42478,"minecraft:deaths":1,"minecraft:sneak_time":590,"minecraft:walk_under_water_one_cm":8118,"minecraft:jump":673,"minecraft:walk_on_water_one_cm":7465,"minecraft:total_world_time":42478,"minecraft:fall_one_cm":12662},"minecraft:dropped":{"minecraft:iron_ingot":4,"minecraft:diamond":4},"minecraft:killed_by":{"minecraft:player":1},"minecraft:crafted":{"minecraft:oak_planks":20,"minecraft:diamond_axe":1,"minecraft:crafting_table":2,"minecraft:furnace":1,"minecraft:stone_axe":1,"minecraft:diamond_helmet":1,"minecraft:diamond_leggings":1,"minecraft:stick":16,"minecraft:iron_ingot":5,"minecraft:iron_pickaxe":1,"minecraft:stone_pickaxe":2,"minecraft:diamond_boots":1,"minecraft:torch":16,"minecraft:diamond_chestplate":1},"minecraft:used":{"minecraft:stone_pickaxe":107,"minecraft:wooden_pickaxe":24,"minecraft:diamond_axe":27,"minecraft:torch":12,"minecraft:crafting_table":5,"minecraft:tuff":18,"minecraft:wooden_axe":24,"minecraft:diamond_pickaxe":122,"minecraft:melon_slice":26,"minecraft:iron_pickaxe":244,"minecraft:stone_axe":2,"minecraft:furnace":1,"minecraft:cobbled_deepslate":85},"minecraft:killed":{"minecraft:salmon":5,"minecraft:sheep":3,"minecraft:skeleton":1,"minecraft:cow":1},"minecraft:mined":{"minecraft:tuff":25,"minecraft:deepslate_diamond_ore":32,"minecraft:dandelion":1,"minecraft:crafting_table":3,"minecraft:granite":4,"minecraft:short_grass":21,"minecraft:grass_block":3,"minecraft:melon":9,"minecraft:jungle_log":6,"minecraft:tall_grass":3,"minecraft:copper_ore":4,"minecraft:diorite":12,"minecraft:cobbled_deepslate":5,"minecraft:andesite":14,"minecraft:deepslate_lapis_ore":5,"minecraft:coal_ore":34,"minecraft:oak_log":17,"minecraft:deepslate_iron_ore":3,"minecraft:vine":2,"minecraft:gravel":1,"minecraft:dirt":11,"minecraft:stone":113,"minecraft:oak_leaves":1,"minecraft:fern":4,"minecraft:deepslate":221},"minecraft:picked_up":{"minecraft:crafting_table":3,"minecraft:salmon":3,"minecraft:andesite":18,"minecraft:jungle_log":6,"minecraft:tuff":24,"minecraft:oak_log":16,"minecraft:lapis_lazuli":33,"minecraft:dirt":17,"minecraft:raw_copper":14,"minecraft:wheat_seeds":1,"minecraft:cobbled_deepslate":237,"minecraft:beef":3,"minecraft:iron_ingot":2,"minecraft:melon_slice":42,"minecraft:raw_iron":8,"minecraft:torch":1,"minecraft:dandelion":1,"minecraft:gravel":1,"minecraft:diorite":12,"minecraft:diamond":44,"minecraft:granite":4,"minecraft:mutton":6,"minecraft:coal":37,"minecraft:white_wool":3,"minecraft:cobblestone":113,"minecraft:diamond_pickaxe":1}},"DataVersion":3953}