{"stats":{"minecraft:custom":{"minecraft:interact_with_furnace":11,"minecraft:mob_kills":22,"minecraft:interact_with_crafting_table":12,"minecraft:leave_game":1,"minecraft:time_since_death":65403,"minecraft:climb_one_cm":2184,"minecraft:time_since_rest":65430,"minecraft:sprint_one_cm":235131,"minecraft:damage_taken":1062,"minecraft:walk_one_cm":89121,"minecraft:drop":15,"minecraft:damage_dealt":2110,"minecraft:swim_one_cm":52053,"minecraft:fly_one_cm":205192,"minecraft:open_chest":6,"minecraft:crouch_one_cm":4163,"minecraft:play_time":66478,"minecraft:deaths":1,"minecraft:sneak_time":2255,"minecraft:walk_under_water_one_cm":25269,"minecraft:boat_one_cm":120240,"minecraft:jump":1082,"minecraft:walk_on_water_one_cm":12761,"minecraft:total_world_time":66478,"minecraft:fall_one_cm":27997},"minecraft:dropped":{"minecraft:gravel":1,"minecraft:iron_ingot":4,"minecraft:wheat_seeds":1,"minecraft:cobbled_deepslate":1,"minecraft:diamond":4,"minecraft:tuff":6,"minecraft:granite":4,"minecraft:gray_wool":1,"minecraft:andesite":18,"minecraft:fire_charge":2,"minecraft:stone_pickaxe":1,"minecraft:iron_pickaxe":1,"minecraft:dandelion":1},"minecraft:killed_by":{"minecraft:player":1},"minecraft:crafted":{"minecraft:oak_planks":24,"minecraft:diamond_axe":1,"minecraft:crafting_table":2,"minecraft:furnace":2,"minecraft:stone_axe":1,"minecraft:oak_boat":1,"minecraft:diamond_helmet":1,"minecraft:diamond_leggings":1,"minecraft:stick":16,"minecraft:iron_ingot":5,"minecraft:iron_pickaxe":1,"minecraft:stone_pickaxe":2,"minecraft:diamond_boots":1,"minecraft:torch":16,"minecraft:diamond_chestplate":1},"minecraft:used":{"minecraft:cooked_mutton":5,"minecraft:diorite":2,"minecraft:flint_and_steel":2,"minecraft:stone_pickaxe":107,"minecraft:wooden_pickaxe":24,"minecraft:diamond_axe":46,"minecraft:torch":16,"minecraft:crafting_table":7,"minecraft:tuff":18,"minecraft:obsidian":5,"minecraft:wooden_axe":24,"minecraft:diamond_pickaxe":157,"minecraft:melon_slice":40,"minecraft:iron_pickaxe":244,"minecraft:stone_axe":2,"minecraft:furnace":2,"minecraft:oak_boat":1,"minecraft:cobbled_deepslate":103},"minecraft:killed":{"minecraft:salmon":5,"minecraft:sheep":11,"minecraft:skeleton":1,"minecraft:enderman":1,"minecraft:cow":4},"minecraft:mined":{"minecraft:crying_obsidian":1,"minecraft:tuff":25,"minecraft:deepslate_diamond_ore":32,"minecraft:dandelion":1,"minecraft:obsidian":1,"minecraft:crafting_table":5,"minecraft:granite":4,"minecraft:short_grass":21,"minecraft:grass_block":3,"minecraft:melon":9,"minecraft:jungle_log":6,"minecraft:nether_quartz_ore":8,"minecraft:tall_grass":3,"minecraft:copper_ore":4,"minecraft:diorite":12,"minecraft:furnace":1,"minecraft:fire":4,"minecraft:cobbled_deepslate":5,"minecraft:andesite":14,"minecraft:pumpkin":3,"minecraft:deepslate_lapis_ore":5,"minecraft:coal_ore":36,"minecraft:oak_log":17,"minecraft:deepslate_iron_ore":3,"minecraft:vine":2,"minecraft:gravel":1,"minecraft:dirt":11,"minecraft:stone":128,"minecraft:netherrack":2,"minecraft:oak_leaves":1,"minecraft:fern":4,"minecraft:deepslate":221},"minecraft:picked_up":{"minecraft:crafting_table":5,"minecraft:salmon":3,"minecraft:andesite":18,"minecraft:jungle_log":6,"minecraft:leather":4,"minecraft:tuff":24,"minecraft:oak_log":16,"minecraft:lapis_lazuli":33,"minecraft:dirt":17,"minecraft:raw_copper":14,"minecraft:cooked_mutton":10,"minecraft:wheat_seeds":1,"minecraft:cobbled_deepslate":237,"minecraft:beef":8,"minecraft:iron_ingot":2,"minecraft:melon_slice":42,"minecraft:furnace":1,"minecraft:raw_iron":8,"minecraft:quartz":8,"minecraft:torch":3,"minecraft:dandelion":1,"minecraft:gravel":1,"minecraft:diorite":12,"minecraft:diamond":44,"minecraft:granite":4,"minecraft:ender_pearl":1,"minecraft:gray_wool":1,"minecraft:netherrack":1,"minecraft:obsidian":1,"minecraft:mutton":25,"minecraft:coal":58,"minecraft:white_wool":10,"minecraft:cobblestone":123,"minecraft:diamond_pickaxe":1}},"DataVersion":3953}