{"stats":{"minecraft:custom":{"minecraft:time_since_rest":4902,"minecraft:sprint_one_cm":22298,"minecraft:damage_taken":276,"minecraft:walk_one_cm":11662,"minecraft:damage_dealt":130,"minecraft:interact_with_crafting_table":1,"minecraft:fly_one_cm":34368,"minecraft:open_chest":1,"minecraft:crouch_one_cm":626,"minecraft:play_time":5950,"minecraft:deaths":1,"minecraft:sneak_time":130,"minecraft:jump":113,"minecraft:time_since_death":4875,"minecraft:total_world_time":5950,"minecraft:fall_one_cm":4507},"minecraft:killed_by":{"minecraft:player":1},"minecraft:crafted":{"minecraft:oak_planks":20,"minecraft:stick":8,"minecraft:stone_pickaxe":1,"minecraft:torch":16,"minecraft:stone_axe":1},"minecraft:used":{"minecraft:wooden_axe":24,"minecraft:stone_pickaxe":49,"minecraft:wooden_pickaxe":24,"minecraft:torch":1,"minecraft:crafting_table":1},"minecraft:mined":{"minecraft:dandelion":1,"minecraft:granite":1,"minecraft:short_grass":16,"minecraft:grass_block":1,"minecraft:oak_log":5,"minecraft:coal_ore":13,"minecraft:melon":6,"minecraft:vine":2,"minecraft:jungle_log":6,"minecraft:dirt":3,"minecraft:tall_grass":3,"minecraft:stone":39,"minecraft:diorite":6,"minecraft:fern":3},"minecraft:picked_up":{"minecraft:jungle_log":6,"minecraft:dandelion":1,"minecraft:oak_log":5,"minecraft:diorite":6,"minecraft:dirt":5,"minecraft:wheat_seeds":1,"minecraft:granite":1,"minecraft:melon_slice":28,"minecraft:coal":16,"minecraft:cobblestone":39}},"DataVersion":3953}