{"stats":{"minecraft:dropped":{"minecraft:iron_ingot":4,"minecraft:diamond":4},"minecraft:custom":{"minecraft:time_since_rest":13377,"minecraft:interact_with_furnace":4,"minecraft:sprint_one_cm":22298,"minecraft:damage_taken":276,"minecraft:walk_one_cm":21944,"minecraft:drop":4,"minecraft:damage_dealt":160,"minecraft:interact_with_crafting_table":4,"minecraft:fly_one_cm":34368,"minecraft:open_chest":1,"minecraft:crouch_one_cm":1504,"minecraft:play_time":14425,"minecraft:deaths":1,"minecraft:sneak_time":423,"minecraft:jump":116,"minecraft:leave_game":1,"minecraft:time_since_death":13350,"minecraft:total_world_time":14425,"minecraft:fall_one_cm":4507},"minecraft:killed_by":{"minecraft:player":1},"minecraft:crafted":{"minecraft:oak_planks":20,"minecraft:crafting_table":1,"minecraft:stick":12,"minecraft:iron_ingot":5,"minecraft:iron_pickaxe":1,"minecraft:stone_pickaxe":2,"minecraft:furnace":1,"minecraft:torch":16,"minecraft:stone_axe":1},"minecraft:used":{"minecraft:wooden_axe":24,"minecraft:melon_slice":2,"minecraft:stone_pickaxe":107,"minecraft:iron_pickaxe":75,"minecraft:wooden_pickaxe":24,"minecraft:torch":7,"minecraft:crafting_table":2,"minecraft:furnace":1},"minecraft:mined":{"minecraft:tuff":16,"minecraft:deepslate_diamond_ore":1,"minecraft:andesite":7,"minecraft:dandelion":1,"minecraft:deepslate_lapis_ore":5,"minecraft:granite":1,"minecraft:short_grass":16,"minecraft:grass_block":1,"minecraft:oak_log":5,"minecraft:coal_ore":13,"minecraft:melon":6,"minecraft:deepslate_iron_ore":3,"minecraft:vine":2,"minecraft:jungle_log":6,"minecraft:dirt":7,"minecraft:tall_grass":3,"minecraft:stone":54,"minecraft:diorite":12,"minecraft:deepslate":75,"minecraft:fern":3},"minecraft:picked_up":{"minecraft:raw_iron":8,"minecraft:andesite":11,"minecraft:jungle_log":6,"minecraft:torch":1,"minecraft:dandelion":1,"minecraft:tuff":15,"minecraft:oak_log":5,"minecraft:diorite":12,"minecraft:lapis_lazuli":33,"minecraft:dirt":11,"minecraft:diamond":13,"minecraft:wheat_seeds":1,"minecraft:cobbled_deepslate":85,"minecraft:iron_ingot":2,"minecraft:granite":1,"minecraft:melon_slice":28,"minecraft:coal":16,"minecraft:cobblestone":54,"minecraft:diamond_pickaxe":1}},"DataVersion":3953}