{"stats":{"minecraft:killed_by":{"minecraft:player":1},"minecraft:picked_up":{"minecraft:birch_log":5,"minecraft:crafting_table":5,"minecraft:feather":2,"minecraft:chicken":1,"minecraft:andesite":18,"minecraft:salmon":3,"minecraft:jungle_log":6,"minecraft:leather":4,"minecraft:stone_slab":1,"minecraft:gold_block":2,"minecraft:stone_brick_stairs":2,"minecraft:tuff":24,"minecraft:oak_log":16,"minecraft:lapis_lazuli":33,"minecraft:dirt":19,"minecraft:raw_copper":14,"minecraft:soul_soil":17,"minecraft:cooked_mutton":10,"minecraft:wheat_seeds":1,"minecraft:cobbled_deepslate":259,"minecraft:iron_ingot":2,"minecraft:beef":8,"minecraft:melon_slice":42,"minecraft:furnace":2,"minecraft:raw_iron":8,"minecraft:torch":3,"minecraft:quartz":8,"minecraft:dandelion":1,"minecraft:gravel":1,"minecraft:diorite":12,"minecraft:rotten_flesh":2,"minecraft:diamond":44,"minecraft:granite":4,"minecraft:gray_wool":1,"minecraft:ender_pearl":1,"minecraft:obsidian":1,"minecraft:netherrack":5,"minecraft:mutton":25,"minecraft:coal":58,"minecraft:white_wool":10,"minecraft:cobblestone":123,"minecraft:diamond_pickaxe":1},"minecraft:dropped":{"minecraft:gravel":1,"minecraft:iron_ingot":4,"minecraft:wheat_seeds":1,"minecraft:raw_copper":14,"minecraft:cobbled_deepslate":1,"minecraft:diamond":4,"minecraft:tuff":6,"minecraft:chicken":1,"minecraft:rotten_flesh":2,"minecraft:granite":4,"minecraft:stone_slab":1,"minecraft:stick":2,"minecraft:gray_wool":1,"minecraft:andesite":18,"minecraft:fire_charge":2,"minecraft:stone_pickaxe":1,"minecraft:iron_pickaxe":1,"minecraft:stone_brick_stairs":1,"minecraft:dandelion":1},"minecraft:crafted":{"minecraft:cooked_beef":8,"minecraft:oak_planks":24,"minecraft:diamond_axe":1,"minecraft:crafting_table":2,"minecraft:furnace":2,"minecraft:stone_axe":1,"minecraft:air":0,"minecraft:oak_boat":1,"minecraft:diamond_helmet":1,"minecraft:diamond_leggings":1,"minecraft:stick":16,"minecraft:iron_ingot":5,"minecraft:iron_pickaxe":1,"minecraft:stone_pickaxe":2,"minecraft:diamond_boots":1,"minecraft:torch":16,"minecraft:diamond_chestplate":1},"minecraft:mined":{"minecraft:crying_obsidian":1,"minecraft:tuff":25,"minecraft:deepslate_diamond_ore":32,"minecraft:soul_fire":1,"minecraft:dandelion":1,"minecraft:obsidian":1,"minecraft:crafting_table":5,"minecraft:granite":4,"minecraft:short_grass":21,"minecraft:grass_block":4,"minecraft:melon":9,"minecraft:jungle_log":6,"minecraft:stone_slab":1,"minecraft:nether_quartz_ore":8,"minecraft:tall_grass":3,"minecraft:soul_soil":17,"minecraft:copper_ore":4,"minecraft:diorite":12,"minecraft:furnace":2,"minecraft:birch_log":5,"minecraft:cobbled_deepslate":27,"minecraft:fire":4,"minecraft:andesite":14,"minecraft:pumpkin":3,"minecraft:deepslate_lapis_ore":5,"minecraft:stone_brick_stairs":2,"minecraft:gold_block":2,"minecraft:oak_log":17,"minecraft:coal_ore":36,"minecraft:deepslate_iron_ore":3,"minecraft:vine":2,"minecraft:gravel":1,"minecraft:dirt":12,"minecraft:stone":128,"minecraft:netherrack":6,"minecraft:oak_leaves":1,"minecraft:deepslate":221,"minecraft:fern":4},"minecraft:used":{"minecraft:cooked_mutton":10,"minecraft:diorite":2,"minecraft:flint_and_steel":2,"minecraft:stone_pickaxe":107,"minecraft:wooden_pickaxe":24,"minecraft:diamond_axe":70,"minecraft:netherrack":3,"minecraft:torch":16,"minecraft:crafting_table":7,"minecraft:tuff":18,"minecraft:obsidian":5,"minecraft:wooden_axe":24,"minecraft:diamond_pickaxe":209,"minecraft:melon_slice":42,"minecraft:iron_pickaxe":244,"minecraft:stone_axe":2,"minecraft:furnace":3,"minecraft:cooked_beef":2,"minecraft:cobbled_deepslate":132,"minecraft:oak_boat":1},"minecraft:custom":{"minecraft:interact_with_furnace":17,"minecraft:mob_kills":31,"minecraft:interact_with_crafting_table":12,"minecraft:leave_game":2,"minecraft:time_since_death":77061,"minecraft:climb_one_cm":2184,"minecraft:time_since_rest":77088,"minecraft:sprint_one_cm":271935,"minecraft:damage_taken":1498,"minecraft:walk_one_cm":117528,"minecraft:drop":21,"minecraft:damage_dealt":3213,"minecraft:swim_one_cm":52053,"minecraft:fly_one_cm":232924,"minecraft:open_chest":7,"minecraft:crouch_one_cm":6308,"minecraft:play_time":78136,"minecraft:deaths":1,"minecraft:sneak_time":2781,"minecraft:walk_under_water_one_cm":25269,"minecraft:boat_one_cm":120240,"minecraft:jump":1296,"minecraft:walk_on_water_one_cm":12761,"minecraft:fall_one_cm":30966,"minecraft:total_world_time":78136},"minecraft:killed":{"minecraft:magma_cube":3,"minecraft:salmon":5,"minecraft:sheep":11,"minecraft:skeleton":1,"minecraft:zombie":5,"minecraft:chicken":1,"minecraft:cow":4,"minecraft:enderman":1}},"DataVersion":3953}