{"stats":{"minecraft:dropped":{"minecraft:iron_ingot":4,"minecraft:diamond":4},"minecraft:custom":{"minecraft:time_since_rest":23430,"minecraft:interact_with_furnace":4,"minecraft:sprint_one_cm":24458,"minecraft:damage_taken":276,"minecraft:walk_one_cm":37756,"minecraft:drop":4,"minecraft:damage_dealt":160,"minecraft:interact_with_crafting_table":9,"minecraft:fly_one_cm":34368,"minecraft:open_chest":1,"minecraft:crouch_one_cm":1671,"minecraft:play_time":24478,"minecraft:deaths":1,"minecraft:sneak_time":450,"minecraft:jump":231,"minecraft:leave_game":1,"minecraft:time_since_death":23403,"minecraft:total_world_time":24478,"minecraft:fall_one_cm":4507},"minecraft:killed_by":{"minecraft:player":1},"minecraft:crafted":{"minecraft:oak_planks":20,"minecraft:diamond_helmet":1,"minecraft:diamond_leggings":1,"minecraft:diamond_axe":1,"minecraft:crafting_table":2,"minecraft:stick":16,"minecraft:iron_ingot":5,"minecraft:iron_pickaxe":1,"minecraft:stone_pickaxe":2,"minecraft:diamond_boots":1,"minecraft:furnace":1,"minecraft:torch":16,"minecraft:stone_axe":1,"minecraft:diamond_chestplate":1},"minecraft:used":{"minecraft:wooden_axe":24,"minecraft:diamond_pickaxe":63,"minecraft:melon_slice":2,"minecraft:stone_pickaxe":107,"minecraft:iron_pickaxe":244,"minecraft:wooden_pickaxe":24,"minecraft:diamond_axe":1,"minecraft:stone_axe":2,"minecraft:torch":7,"minecraft:crafting_table":5,"minecraft:furnace":1,"minecraft:cobbled_deepslate":72},"minecraft:mined":{"minecraft:tuff":25,"minecraft:deepslate_diamond_ore":32,"minecraft:cobbled_deepslate":5,"minecraft:andesite":14,"minecraft:dandelion":1,"minecraft:crafting_table":3,"minecraft:deepslate_lapis_ore":5,"minecraft:granite":4,"minecraft:short_grass":16,"minecraft:grass_block":1,"minecraft:oak_log":5,"minecraft:coal_ore":13,"minecraft:melon":6,"minecraft:deepslate_iron_ore":3,"minecraft:vine":2,"minecraft:jungle_log":6,"minecraft:dirt":7,"minecraft:copper_ore":2,"minecraft:tall_grass":3,"minecraft:stone":83,"minecraft:diorite":12,"minecraft:deepslate":221,"minecraft:fern":3},"minecraft:picked_up":{"minecraft:crafting_table":3,"minecraft:raw_iron":8,"minecraft:jungle_log":6,"minecraft:andesite":18,"minecraft:torch":1,"minecraft:dandelion":1,"minecraft:tuff":24,"minecraft:oak_log":5,"minecraft:diorite":12,"minecraft:lapis_lazuli":33,"minecraft:dirt":11,"minecraft:raw_copper":7,"minecraft:diamond":44,"minecraft:wheat_seeds":1,"minecraft:cobbled_deepslate":237,"minecraft:granite":4,"minecraft:iron_ingot":2,"minecraft:melon_slice":28,"minecraft:coal":16,"minecraft:cobblestone":83,"minecraft:diamond_pickaxe":1}},"DataVersion":3953}