{"stats":{"minecraft:killed_by":{"minecraft:player":1},"minecraft:picked_up":{"minecraft:crafting_table":5,"minecraft:chicken":3,"minecraft:stone_slab":1,"minecraft:gold_block":2,"minecraft:stone_brick_stairs":3,"minecraft:string":4,"minecraft:soul_soil":17,"minecraft:raw_copper":14,"minecraft:cobbled_deepslate":259,"minecraft:beef":8,"minecraft:poppy":3,"minecraft:melon_slice":42,"minecraft:chest":1,"minecraft:birch_sapling":21,"minecraft:furnace":2,"minecraft:raw_iron":8,"minecraft:stick":57,"minecraft:torch":11,"minecraft:diorite":22,"minecraft:rotten_flesh":13,"minecraft:mutton":25,"minecraft:obsidian":1,"minecraft:white_wool":10,"minecraft:cobblestone":263,"minecraft:birch_log":57,"minecraft:feather":2,"minecraft:jungle_log":6,"minecraft:salmon":3,"minecraft:andesite":19,"minecraft:leather":4,"minecraft:tuff":24,"minecraft:oak_log":200,"minecraft:lapis_lazuli":33,"minecraft:dirt":1010,"minecraft:cooked_mutton":10,"minecraft:apple":7,"minecraft:wheat_seeds":12,"minecraft:iron_ingot":2,"minecraft:quartz":8,"minecraft:dandelion":6,"minecraft:gravel":1,"minecraft:diamond":44,"minecraft:granite":4,"minecraft:gray_wool":1,"minecraft:oak_sapling":78,"minecraft:coal":65,"minecraft:netherrack":5,"minecraft:diamond_pickaxe":1,"minecraft:ender_pearl":1},"minecraft:dropped":{"minecraft:iron_ingot":4,"minecraft:wheat_seeds":5,"minecraft:diamond":4,"minecraft:granite":4,"minecraft:stick":5,"minecraft:gray_wool":1,"minecraft:diorite":10,"minecraft:fire_charge":2,"minecraft:iron_pickaxe":1,"minecraft:string":2,"minecraft:dandelion":3,"minecraft:gravel":1,"minecraft:cobbled_deepslate":1,"minecraft:raw_copper":14,"minecraft:tuff":6,"minecraft:chicken":2,"minecraft:rotten_flesh":2,"minecraft:stone_slab":1,"minecraft:andesite":18,"minecraft:stone_pickaxe":1,"minecraft:stone_brick_stairs":1,"minecraft:netherrack":2},"minecraft:crafted":{"minecraft:oak_planks":56,"minecraft:furnace":2,"minecraft:diamond_shovel":1,"minecraft:cooked_mutton":9,"minecraft:diamond_helmet":1,"minecraft:diamond_leggings":1,"minecraft:stone_pickaxe":2,"minecraft:chest":2,"minecraft:diamond_boots":1,"minecraft:cooked_beef":8,"minecraft:diamond_axe":1,"minecraft:crafting_table":2,"minecraft:stone_axe":1,"minecraft:air":0,"minecraft:oak_boat":1,"minecraft:stick":32,"minecraft:iron_ingot":5,"minecraft:iron_pickaxe":1,"minecraft:torch":56,"minecraft:diamond_chestplate":1},"minecraft:mined":{"minecraft:crying_obsidian":1,"minecraft:tuff":25,"minecraft:deepslate_diamond_ore":32,"minecraft:obsidian":1,"minecraft:granite":4,"minecraft:grass_block":691,"minecraft:jungle_log":6,"minecraft:soul_soil":17,"minecraft:furnace":2,"minecraft:fire":8,"minecraft:cobbled_deepslate":27,"minecraft:andesite":15,"minecraft:pumpkin":3,"minecraft:deepslate_lapis_ore":5,"minecraft:gold_block":2,"minecraft:dirt_path":1,"minecraft:vine":2,"minecraft:deepslate_iron_ore":3,"minecraft:stone":263,"minecraft:soul_fire":1,"minecraft:dandelion":2,"minecraft:crafting_table":5,"minecraft:torch":2,"minecraft:short_grass":34,"minecraft:poppy":2,"minecraft:melon":9,"minecraft:chest":1,"minecraft:stone_slab":1,"minecraft:copper_ore":4,"minecraft:nether_quartz_ore":8,"minecraft:tall_grass":3,"minecraft:cobblestone":5,"minecraft:diorite":12,"minecraft:wall_torch":1,"minecraft:birch_log":57,"minecraft:birch_leaves":2,"minecraft:stone_brick_stairs":2,"minecraft:coal_ore":43,"minecraft:oak_log":202,"minecraft:gravel":1,"minecraft:dirt":320,"minecraft:netherrack":6,"minecraft:fern":4,"minecraft:oak_leaves":22,"minecraft:deepslate":221},"minecraft:used":{"minecraft:flint_and_steel":10,"minecraft:chest":3,"minecraft:netherrack":3,"minecraft:torch":46,"minecraft:dirt":157,"minecraft:tuff":18,"minecraft:obsidian":5,"minecraft:wooden_axe":24,"minecraft:soul_soil":4,"minecraft:furnace":4,"minecraft:cooked_beef":8,"minecraft:cobbled_deepslate":150,"minecraft:cooked_mutton":14,"minecraft:diorite":2,"minecraft:stone_pickaxe":107,"minecraft:wooden_pickaxe":24,"minecraft:diamond_axe":368,"minecraft:crafting_table":8,"minecraft:diamond_pickaxe":360,"minecraft:diamond_shovel":995,"minecraft:melon_slice":42,"minecraft:iron_pickaxe":244,"minecraft:stone_axe":2,"minecraft:cobblestone":217,"minecraft:oak_boat":1},"minecraft:custom":{"minecraft:mob_kills":42,"minecraft:interact_with_crafting_table":19,"minecraft:leave_game":2,"minecraft:time_since_death":131061,"minecraft:climb_one_cm":2184,"minecraft:sprint_one_cm":487930,"minecraft:walk_one_cm":314992,"minecraft:drop":29,"minecraft:play_time":132136,"minecraft:deaths":1,"minecraft:sneak_time":4522,"minecraft:walk_under_water_one_cm":25269,"minecraft:boat_one_cm":120240,"minecraft:jump":1719,"minecraft:walk_on_water_one_cm":12761,"minecraft:total_world_time":132136,"minecraft:interact_with_furnace":21,"minecraft:time_since_rest":131088,"minecraft:damage_taken":2022,"minecraft:damage_dealt":5381,"minecraft:swim_one_cm":52053,"minecraft:fly_one_cm":288882,"minecraft:open_chest":31,"minecraft:crouch_one_cm":11024,"minecraft:fall_one_cm":37846},"minecraft:killed":{"minecraft:spider":1,"minecraft:phantom":1,"minecraft:skeleton":1,"minecraft:chicken":1,"minecraft:magma_cube":3,"minecraft:salmon":5,"minecraft:sheep":11,"minecraft:zombie":14,"minecraft:enderman":1,"minecraft:cow":4}},"DataVersion":3953}