{"stats":{"minecraft:killed_by":{"minecraft:player":1,"minecraft:skeleton":1,"minecraft:spider":1},"minecraft:picked_up":{"minecraft:raw_iron":3,"minecraft:crafting_table":1,"minecraft:stick":4,"minecraft:jungle_log":37,"minecraft:wooden_pickaxe":1,"minecraft:gravel":15,"minecraft:flint":1,"minecraft:oak_log":29,"minecraft:cyan_bed":3,"minecraft:bone":4,"minecraft:arrow":1,"minecraft:wheat_seeds":5,"minecraft:black_wool":2,"minecraft:mutton":7,"minecraft:coal":37,"minecraft:white_wool":2,"minecraft:cobblestone":84,"minecraft:egg":2},"minecraft:dropped":{"minecraft:wooden_pickaxe":1},"minecraft:broken":{"minecraft:wooden_axe":1,"minecraft:stone_pickaxe":1},"minecraft:crafted":{"minecraft:wooden_sword":2,"minecraft:oak_planks":116,"minecraft:crafting_table":2,"minecraft:stick":32,"minecraft:iron_ingot":2,"minecraft:wooden_pickaxe":3,"minecraft:stone_pickaxe":1,"minecraft:wooden_axe":4,"minecraft:stone_sword":1,"minecraft:furnace":1,"minecraft:torch":16,"minecraft:jungle_planks":64},"minecraft:mined":{"minecraft:iron_ore":3,"minecraft:wheat":3,"minecraft:crafting_table":1,"minecraft:short_grass":17,"minecraft:coal_ore":37,"minecraft:oak_log":30,"minecraft:vine":13,"minecraft:jungle_log":31,"minecraft:dead_bush":1,"minecraft:gravel":16,"minecraft:tall_grass":3,"minecraft:cyan_bed":2,"minecraft:stone":84,"minecraft:oak_leaves":1,"minecraft:fern":3},"minecraft:used":{"minecraft:wheat_seeds":3,"minecraft:wooden_axe":70,"minecraft:cyan_bed":1,"minecraft:stone_pickaxe":131,"minecraft:oak_planks":17,"minecraft:wooden_pickaxe":35,"minecraft:torch":6,"minecraft:wooden_sword":13,"minecraft:mutton":4,"minecraft:beef":2,"minecraft:crafting_table":3,"minecraft:furnace":1,"minecraft:jungle_planks":37},"minecraft:custom":{"minecraft:interact_with_furnace":2,"minecraft:time_since_rest":14615,"minecraft:sprint_one_cm":91541,"minecraft:damage_taken":793,"minecraft:walk_one_cm":42598,"minecraft:mob_kills":4,"minecraft:drop":1,"minecraft:damage_dealt":614,"minecraft:talked_to_villager":1,"minecraft:swim_one_cm":3233,"minecraft:interact_with_crafting_table":9,"minecraft:fly_one_cm":161688,"minecraft:open_chest":2,"minecraft:crouch_one_cm":105,"minecraft:play_time":30561,"minecraft:deaths":3,"minecraft:sneak_time":29,"minecraft:walk_under_water_one_cm":2039,"minecraft:jump":649,"minecraft:leave_game":1,"minecraft:walk_on_water_one_cm":973,"minecraft:time_since_death":14588,"minecraft:climb_one_cm":1739,"minecraft:total_world_time":30561,"minecraft:fall_one_cm":20659},"minecraft:killed":{"minecraft:sheep":2,"minecraft:skeleton":2}},"DataVersion":3953}