{"stats":{"minecraft:picked_up":{"minecraft:jungle_log":11,"minecraft:wheat_seeds":3,"minecraft:cyan_bed":1},"minecraft:crafted":{"minecraft:wooden_sword":1,"minecraft:stick":4,"minecraft:jungle_planks":44,"minecraft:wooden_axe":1},"minecraft:mined":{"minecraft:vine":5,"minecraft:jungle_log":12,"minecraft:wheat":3,"minecraft:cyan_bed":1},"minecraft:used":{"minecraft:wheat_seeds":3,"minecraft:wooden_axe":11,"minecraft:cyan_bed":1,"minecraft:wooden_pickaxe":2},"minecraft:custom":{"minecraft:time_since_rest":4949,"minecraft:open_chest":1,"minecraft:crouch_one_cm":105,"minecraft:play_time":4949,"minecraft:sprint_one_cm":14680,"minecraft:walk_one_cm":4570,"minecraft:sneak_time":22,"minecraft:jump":116,"minecraft:damage_dealt":8,"minecraft:time_since_death":4949,"minecraft:climb_one_cm":409,"minecraft:total_world_time":4949,"minecraft:interact_with_crafting_table":1,"minecraft:fall_one_cm":2775,"minecraft:fly_one_cm":29784}},"DataVersion":3953}