{"stats":{"minecraft:killed_by":{"minecraft:player":1,"minecraft:skeleton":1},"minecraft:picked_up":{"minecraft:stick":4,"minecraft:crafting_table":1,"minecraft:jungle_log":36,"minecraft:wooden_pickaxe":1,"minecraft:cyan_bed":3,"minecraft:arrow":1,"minecraft:bone":4,"minecraft:wheat_seeds":3,"minecraft:black_wool":2,"minecraft:mutton":7,"minecraft:white_wool":2,"minecraft:egg":2},"minecraft:broken":{"minecraft:wooden_axe":1},"minecraft:crafted":{"minecraft:wooden_sword":1,"minecraft:stick":12,"minecraft:wooden_pickaxe":1,"minecraft:wooden_axe":2,"minecraft:jungle_planks":64},"minecraft:mined":{"minecraft:wheat":3,"minecraft:crafting_table":1,"minecraft:short_grass":8,"minecraft:vine":9,"minecraft:jungle_log":30,"minecraft:dead_bush":1,"minecraft:cyan_bed":2},"minecraft:used":{"minecraft:wheat_seeds":3,"minecraft:wooden_axe":52,"minecraft:cyan_bed":1,"minecraft:wooden_pickaxe":26,"minecraft:wooden_sword":13,"minecraft:mutton":4,"minecraft:beef":2,"minecraft:crafting_table":1,"minecraft:jungle_planks":37},"minecraft:custom":{"minecraft:time_since_rest":2277,"minecraft:sprint_one_cm":65351,"minecraft:damage_taken":603,"minecraft:walk_one_cm":21112,"minecraft:mob_kills":4,"minecraft:damage_dealt":614,"minecraft:talked_to_villager":1,"minecraft:interact_with_crafting_table":2,"minecraft:swim_one_cm":769,"minecraft:fly_one_cm":128707,"minecraft:open_chest":2,"minecraft:crouch_one_cm":105,"minecraft:play_time":14725,"minecraft:deaths":2,"minecraft:sneak_time":29,"minecraft:walk_under_water_one_cm":1684,"minecraft:jump":469,"minecraft:leave_game":1,"minecraft:time_since_death":2241,"minecraft:walk_on_water_one_cm":538,"minecraft:total_world_time":14725,"minecraft:climb_one_cm":639,"minecraft:fall_one_cm":15348},"minecraft:killed":{"minecraft:sheep":2,"minecraft:skeleton":2}},"DataVersion":3953}