{"stats":{"minecraft:killed_by":{"minecraft:player":1,"minecraft:skeleton":1,"minecraft:spider":1},"minecraft:picked_up":{"minecraft:crafting_table":1,"minecraft:feather":1,"minecraft:chicken":1,"minecraft:salmon":13,"minecraft:jungle_log":37,"minecraft:andesite":24,"minecraft:leather":5,"minecraft:wooden_pickaxe":1,"minecraft:flint":2,"minecraft:oak_log":29,"minecraft:dirt":3,"minecraft:bone":4,"minecraft:wheat_seeds":9,"minecraft:beef":9,"minecraft:melon_slice":22,"minecraft:chest":1,"minecraft:oak_planks":8,"minecraft:egg":2,"minecraft:stick":4,"minecraft:raw_iron":42,"minecraft:pumpkin":2,"minecraft:gravel":29,"minecraft:porkchop":8,"minecraft:cyan_bed":3,"minecraft:rotten_flesh":3,"minecraft:arrow":1,"minecraft:granite":4,"minecraft:bone_meal":1,"minecraft:black_wool":2,"minecraft:mutton":7,"minecraft:coal":53,"minecraft:white_wool":2,"minecraft:cobblestone":253},"minecraft:dropped":{"minecraft:chest":1,"minecraft:wooden_pickaxe":1},"minecraft:broken":{"minecraft:stone_pickaxe":3,"minecraft:wooden_axe":1},"minecraft:crafted":{"minecraft:wooden_sword":2,"minecraft:oak_planks":116,"minecraft:crafting_table":2,"minecraft:wooden_pickaxe":3,"minecraft:iron_helmet":1,"minecraft:iron_sword":1,"minecraft:furnace":1,"minecraft:jungle_planks":64,"minecraft:iron_chestplate":1,"minecraft:shield":1,"minecraft:stick":48,"minecraft:iron_ingot":24,"minecraft:stone_pickaxe":3,"minecraft:wooden_axe":4,"minecraft:stone_sword":1,"minecraft:chest":1,"minecraft:iron_leggings":1,"minecraft:torch":16},"minecraft:mined":{"minecraft:crafting_table":1,"minecraft:granite":4,"minecraft:short_grass":43,"minecraft:grass_block":1,"minecraft:melon":4,"minecraft:jungle_log":31,"minecraft:dead_bush":1,"minecraft:tall_grass":3,"minecraft:cyan_bed":2,"minecraft:oak_planks":8,"minecraft:tall_seagrass":1,"minecraft:iron_ore":42,"minecraft:wheat":3,"minecraft:andesite":24,"minecraft:pumpkin":2,"minecraft:oak_log":30,"minecraft:coal_ore":53,"minecraft:vine":15,"minecraft:gravel":31,"minecraft:dirt":2,"minecraft:stone":253,"minecraft:oak_leaves":2,"minecraft:fern":12},"minecraft:used":{"minecraft:wheat_seeds":3,"minecraft:stone_sword":140,"minecraft:stone_pickaxe":393,"minecraft:oak_planks":19,"minecraft:chest":1,"minecraft:shield":9,"minecraft:wooden_pickaxe":42,"minecraft:salmon":13,"minecraft:torch":14,"minecraft:mutton":4,"minecraft:crafting_table":3,"minecraft:jungle_planks":37,"minecraft:wooden_axe":76,"minecraft:cyan_bed":1,"minecraft:wooden_sword":13,"minecraft:cobblestone":48,"minecraft:beef":4,"minecraft:furnace":1,"minecraft:porkchop":8,"minecraft:andesite":8},"minecraft:custom":{"minecraft:interact_with_furnace":15,"minecraft:mob_kills":26,"minecraft:interact_with_crafting_table":21,"minecraft:leave_game":1,"minecraft:time_since_death":50588,"minecraft:climb_one_cm":6718,"minecraft:time_since_rest":50615,"minecraft:sprint_one_cm":167509,"minecraft:damage_taken":1020,"minecraft:walk_one_cm":122421,"minecraft:damage_blocked_by_shield":150,"minecraft:drop":2,"minecraft:damage_dealt":1936,"minecraft:swim_one_cm":19039,"minecraft:talked_to_villager":1,"minecraft:fly_one_cm":208168,"minecraft:open_chest":3,"minecraft:crouch_one_cm":105,"minecraft:play_time":66561,"minecraft:deaths":3,"minecraft:sneak_time":51,"minecraft:walk_under_water_one_cm":14883,"minecraft:jump":1134,"minecraft:walk_on_water_one_cm":22493,"minecraft:total_world_time":66561,"minecraft:fall_one_cm":28830},"minecraft:killed":{"minecraft:pig":3,"minecraft:salmon":13,"minecraft:skeleton":2,"minecraft:sheep":2,"minecraft:zombie":2,"minecraft:chicken":1,"minecraft:cow":3}},"DataVersion":3953}