{"stats":{"minecraft:killed_by":{"minecraft:player":1,"minecraft:skeleton":1,"minecraft:spider":1},"minecraft:picked_up":{"minecraft:crafting_table":1,"minecraft:salmon":10,"minecraft:jungle_log":37,"minecraft:andesite":20,"minecraft:wooden_pickaxe":1,"minecraft:flint":2,"minecraft:oak_log":29,"minecraft:bone":4,"minecraft:wheat_seeds":5,"minecraft:oak_planks":4,"minecraft:egg":2,"minecraft:stick":4,"minecraft:raw_iron":24,"minecraft:gravel":29,"minecraft:cyan_bed":3,"minecraft:rotten_flesh":3,"minecraft:arrow":1,"minecraft:bone_meal":1,"minecraft:black_wool":2,"minecraft:mutton":7,"minecraft:coal":37,"minecraft:white_wool":2,"minecraft:cobblestone":138},"minecraft:dropped":{"minecraft:wooden_pickaxe":1},"minecraft:broken":{"minecraft:stone_pickaxe":1,"minecraft:wooden_axe":1},"minecraft:crafted":{"minecraft:wooden_sword":2,"minecraft:oak_planks":116,"minecraft:crafting_table":2,"minecraft:wooden_pickaxe":3,"minecraft:iron_helmet":1,"minecraft:furnace":1,"minecraft:jungle_planks":64,"minecraft:iron_chestplate":1,"minecraft:shield":1,"minecraft:stick":32,"minecraft:iron_ingot":14,"minecraft:stone_pickaxe":2,"minecraft:wooden_axe":4,"minecraft:stone_sword":1,"minecraft:torch":16},"minecraft:mined":{"minecraft:crafting_table":1,"minecraft:short_grass":20,"minecraft:jungle_log":31,"minecraft:dead_bush":1,"minecraft:tall_grass":3,"minecraft:cyan_bed":2,"minecraft:oak_planks":4,"minecraft:tall_seagrass":1,"minecraft:iron_ore":24,"minecraft:wheat":3,"minecraft:andesite":20,"minecraft:oak_log":30,"minecraft:coal_ore":37,"minecraft:vine":13,"minecraft:gravel":31,"minecraft:stone":138,"minecraft:oak_leaves":1,"minecraft:fern":3},"minecraft:used":{"minecraft:wheat_seeds":3,"minecraft:stone_sword":41,"minecraft:stone_pickaxe":241,"minecraft:oak_planks":17,"minecraft:shield":9,"minecraft:wooden_pickaxe":35,"minecraft:salmon":10,"minecraft:torch":7,"minecraft:mutton":4,"minecraft:crafting_table":3,"minecraft:jungle_planks":37,"minecraft:wooden_axe":74,"minecraft:cyan_bed":1,"minecraft:wooden_sword":13,"minecraft:cobblestone":2,"minecraft:beef":2,"minecraft:furnace":1,"minecraft:andesite":5},"minecraft:custom":{"minecraft:interact_with_furnace":10,"minecraft:mob_kills":16,"minecraft:interact_with_crafting_table":13,"minecraft:leave_game":1,"minecraft:time_since_death":26588,"minecraft:climb_one_cm":2416,"minecraft:time_since_rest":26615,"minecraft:sprint_one_cm":107240,"minecraft:damage_taken":990,"minecraft:walk_one_cm":70574,"minecraft:damage_blocked_by_shield":150,"minecraft:drop":1,"minecraft:damage_dealt":1192,"minecraft:swim_one_cm":15158,"minecraft:talked_to_villager":1,"minecraft:fly_one_cm":164292,"minecraft:open_chest":2,"minecraft:crouch_one_cm":105,"minecraft:play_time":42561,"minecraft:deaths":3,"minecraft:sneak_time":29,"minecraft:walk_under_water_one_cm":13024,"minecraft:jump":767,"minecraft:walk_on_water_one_cm":13821,"minecraft:total_world_time":42561,"minecraft:fall_one_cm":20870},"minecraft:killed":{"minecraft:salmon":10,"minecraft:skeleton":2,"minecraft:sheep":2,"minecraft:zombie":2}},"DataVersion":3953}