{"stats":{"minecraft:picked_up":{"minecraft:wooden_axe":1,"minecraft:cocoa_beans":23,"minecraft:crafting_table":3,"minecraft:feather":2,"minecraft:chicken":2,"minecraft:jungle_log":42,"minecraft:jungle_planks":8,"minecraft:cyan_bed":3,"minecraft:dirt":1,"minecraft:wooden_sword":1,"minecraft:stone_sword":1,"minecraft:smooth_sandstone":1,"minecraft:wheat_seeds":1,"minecraft:stone_pickaxe":1,"minecraft:iron_ingot":6,"minecraft:bread":25,"minecraft:cobblestone":38,"minecraft:egg":1},"minecraft:dropped":{"minecraft:dirt":1,"minecraft:wheat_seeds":1,"minecraft:cocoa_beans":11,"minecraft:wooden_sword":1,"minecraft:wooden_pickaxe":1},"minecraft:used":{"minecraft:wooden_axe":48,"minecraft:stone_sword":11,"minecraft:iron_pickaxe":1,"minecraft:cyan_bed":1,"minecraft:bread":5,"minecraft:stone_pickaxe":1,"minecraft:jungle_log":1,"minecraft:smooth_sandstone":1,"minecraft:wooden_pickaxe":29,"minecraft:wooden_sword":4,"minecraft:cobblestone":9,"minecraft:crafting_table":2},"minecraft:killed_by":{"minecraft:player":1},"minecraft:killed":{"minecraft:chicken":3,"minecraft:bat":1,"minecraft:camel":1},"minecraft:mined":{"minecraft:smooth_sandstone":1,"minecraft:crafting_table":2,"minecraft:short_grass":3,"minecraft:grass_block":1,"minecraft:vine":6,"minecraft:jungle_log":43,"minecraft:cobblestone":1,"minecraft:terracotta":1,"minecraft:cyan_bed":2,"minecraft:stone":25,"minecraft:fern":2},"minecraft:crafted":{"minecraft:wooden_sword":1,"minecraft:crafting_table":1,"minecraft:stick":12,"minecraft:iron_pickaxe":1,"minecraft:wooden_pickaxe":1,"minecraft:stone_pickaxe":1,"minecraft:wooden_axe":1,"minecraft:stone_sword":1,"minecraft:stone_axe":1,"minecraft:jungle_planks":24},"minecraft:custom":{"minecraft:time_since_rest":6675,"minecraft:sprint_one_cm":43477,"minecraft:damage_taken":494,"minecraft:walk_one_cm":108155,"minecraft:mob_kills":5,"minecraft:drop":15,"minecraft:damage_dealt":711,"minecraft:interact_with_crafting_table":3,"minecraft:fly_one_cm":8796,"minecraft:open_chest":2,"minecraft:play_time":18929,"minecraft:deaths":1,"minecraft:walk_under_water_one_cm":499,"minecraft:jump":193,"minecraft:interact_with_stonecutter":1,"minecraft:leave_game":1,"minecraft:time_since_death":6643,"minecraft:walk_on_water_one_cm":1695,"minecraft:sleep_in_bed":1,"minecraft:climb_one_cm":222,"minecraft:total_world_time":18929,"minecraft:fall_one_cm":418}},"DataVersion":3953}