{"stats":{"minecraft:picked_up":{"minecraft:cocoa_beans":11,"minecraft:jungle_log":7,"minecraft:cyan_bed":1,"minecraft:dirt":1,"minecraft:smooth_sandstone":1,"minecraft:wheat_seeds":1,"minecraft:bread":15,"minecraft:cobblestone":25},"minecraft:dropped":{"minecraft:dirt":1,"minecraft:wheat_seeds":1,"minecraft:cocoa_beans":11,"minecraft:wooden_sword":1,"minecraft:wooden_pickaxe":1},"minecraft:used":{"minecraft:stone_sword":1,"minecraft:bread":4,"minecraft:jungle_log":1,"minecraft:smooth_sandstone":1,"minecraft:wooden_pickaxe":29,"minecraft:wooden_sword":3,"minecraft:crafting_table":1},"minecraft:killed":{"minecraft:bat":1},"minecraft:mined":{"minecraft:smooth_sandstone":1,"minecraft:short_grass":2,"minecraft:grass_block":1,"minecraft:vine":1,"minecraft:jungle_log":7,"minecraft:terracotta":1,"minecraft:cyan_bed":1,"minecraft:stone":25,"minecraft:fern":1},"minecraft:crafted":{"minecraft:wooden_sword":1,"minecraft:crafting_table":1,"minecraft:stick":8,"minecraft:wooden_pickaxe":1,"minecraft:stone_pickaxe":1,"minecraft:wooden_axe":1,"minecraft:stone_sword":1,"minecraft:jungle_planks":24},"minecraft:custom":{"minecraft:time_since_rest":9627,"minecraft:sprint_one_cm":10972,"minecraft:damage_taken":195,"minecraft:walk_one_cm":60047,"minecraft:mob_kills":1,"minecraft:drop":15,"minecraft:damage_dealt":149,"minecraft:interact_with_crafting_table":2,"minecraft:fly_one_cm":3969,"minecraft:open_chest":2,"minecraft:play_time":9627,"minecraft:walk_under_water_one_cm":499,"minecraft:jump":122,"minecraft:interact_with_stonecutter":1,"minecraft:time_since_death":9627,"minecraft:walk_on_water_one_cm":1695,"minecraft:climb_one_cm":222,"minecraft:total_world_time":9627,"minecraft:fall_one_cm":418}},"DataVersion":3953}