{"stats":{"minecraft:dropped":{"minecraft:jungle_sapling":1},"minecraft:custom":{"minecraft:time_since_rest":1624,"minecraft:play_time":5281,"minecraft:sprint_one_cm":15806,"minecraft:walk_one_cm":9346,"minecraft:damage_taken":577,"minecraft:deaths":2,"minecraft:drop":1,"minecraft:jump":161,"minecraft:damage_dealt":425,"minecraft:time_since_death":1597,"minecraft:total_world_time":5281,"minecraft:climb_one_cm":346,"minecraft:interact_with_crafting_table":3,"minecraft:fall_one_cm":5190,"minecraft:fly_one_cm":41886},"minecraft:killed_by":{"minecraft:player":2},"minecraft:crafted":{"minecraft:stone_axe":1,"minecraft:crafting_table":2,"minecraft:stick":16,"minecraft:stone_pickaxe":1,"minecraft:wooden_pickaxe":1,"minecraft:jungle_planks":36},"minecraft:used":{"minecraft:stone_axe":3,"minecraft:crafting_table":2,"minecraft:wooden_pickaxe":6},"minecraft:mined":{"minecraft:vine":2,"minecraft:jungle_log":9,"minecraft:stone":6,"minecraft:crafting_table":1},"minecraft:picked_up":{"minecraft:stick":4,"minecraft:crafting_table":1,"minecraft:jungle_log":9,"minecraft:jungle_sapling":1,"minecraft:cobblestone":6}},"DataVersion":3953}