{"stats":{"minecraft:killed_by":{"minecraft:player":2,"minecraft:skeleton":1},"minecraft:picked_up":{"minecraft:wooden_axe":1,"minecraft:crafting_table":7,"minecraft:feather":9,"minecraft:chicken":8,"minecraft:andesite":2,"minecraft:jungle_log":23,"minecraft:cut_sandstone":2,"minecraft:leather":4,"minecraft:wooden_pickaxe":1,"minecraft:potato":1,"minecraft:flint":2,"minecraft:tuff":23,"minecraft:shield":1,"minecraft:dirt":27,"minecraft:lapis_lazuli":10,"minecraft:string":2,"minecraft:moss_carpet":1,"minecraft:bone":18,"minecraft:bow":1,"minecraft:wheat_seeds":6,"minecraft:cobbled_deepslate":161,"minecraft:raw_gold":12,"minecraft:iron_ingot":3,"minecraft:beef":8,"minecraft:stone_pickaxe":1,"minecraft:jungle_sapling":1,"minecraft:furnace":4,"minecraft:egg":3,"minecraft:stick":8,"minecraft:raw_iron":106,"minecraft:gravel":6,"minecraft:porkchop":28,"minecraft:sand":4,"minecraft:jungle_planks":28,"minecraft:diorite":26,"minecraft:spider_eye":2,"minecraft:arrow":9,"minecraft:rotten_flesh":14,"minecraft:diamond":13,"minecraft:stone_axe":1,"minecraft:granite":29,"minecraft:oak_sapling":2,"minecraft:glow_berries":11,"minecraft:mutton":1,"minecraft:coal":178,"minecraft:white_wool":1,"minecraft:cobblestone":120},"minecraft:dropped":{"minecraft:wheat_seeds":2,"minecraft:feather":1,"minecraft:rotten_flesh":1,"minecraft:diorite":3,"minecraft:andesite":2,"minecraft:oak_sapling":2,"minecraft:jungle_sapling":1,"minecraft:spider_eye":1,"minecraft:wooden_pickaxe":1},"minecraft:broken":{"minecraft:stone_pickaxe":4,"minecraft:stone_axe":1},"minecraft:crafted":{"minecraft:cooked_beef":5,"minecraft:cooked_porkchop":22,"minecraft:crafting_table":4,"minecraft:iron_helmet":1,"minecraft:wooden_pickaxe":2,"minecraft:cooked_chicken":7,"minecraft:furnace":2,"minecraft:bucket":2,"minecraft:stone_axe":3,"minecraft:cooked_mutton":1,"minecraft:air":0,"minecraft:jungle_planks":92,"minecraft:iron_boots":1,"minecraft:iron_chestplate":1,"minecraft:shield":1,"minecraft:iron_axe":1,"minecraft:stick":56,"minecraft:iron_ingot":60,"minecraft:iron_pickaxe":1,"minecraft:stone_pickaxe":8,"minecraft:wooden_axe":1,"minecraft:chest":1,"minecraft:iron_leggings":1,"minecraft:torch":96},"minecraft:mined":{"minecraft:tuff":24,"minecraft:deepslate_diamond_ore":14,"minecraft:amethyst_cluster":1,"minecraft:crafting_table":7,"minecraft:granite":29,"minecraft:short_grass":10,"minecraft:grass_block":7,"minecraft:jungle_log":23,"minecraft:copper_ore":1,"minecraft:deepslate_gold_ore":12,"minecraft:lapis_ore":2,"minecraft:diorite":23,"minecraft:amethyst_block":1,"minecraft:furnace":3,"minecraft:iron_ore":90,"minecraft:andesite":2,"minecraft:moss_carpet":1,"minecraft:coal_ore":135,"minecraft:deepslate_iron_ore":16,"minecraft:vine":5,"minecraft:gravel":6,"minecraft:dirt":6,"minecraft:stone":124,"minecraft:deepslate":152,"minecraft:fern":3},"minecraft:used":{"minecraft:cooked_mutton":1,"minecraft:water_bucket":2,"minecraft:diorite":20,"minecraft:stone_pickaxe":575,"minecraft:wooden_pickaxe":14,"minecraft:chest":1,"minecraft:shield":8,"minecraft:cooked_chicken":2,"minecraft:rotten_flesh":1,"minecraft:iron_chestplate":1,"minecraft:torch":64,"minecraft:glow_berries":2,"minecraft:dirt":23,"minecraft:crafting_table":9,"minecraft:jungle_planks":3,"minecraft:iron_axe":14,"minecraft:iron_pickaxe":48,"minecraft:gravel":4,"minecraft:stone_axe":130,"minecraft:cobblestone":2,"minecraft:furnace":5,"minecraft:cooked_porkchop":7,"minecraft:bucket":4,"minecraft:cooked_beef":4,"minecraft:cobbled_deepslate":43,"minecraft:iron_leggings":1},"minecraft:custom":{"minecraft:interact_with_furnace":32,"minecraft:mob_kills":45,"minecraft:interact_with_crafting_table":22,"minecraft:leave_game":2,"minecraft:time_since_death":63442,"minecraft:climb_one_cm":1940,"minecraft:time_since_rest":63474,"minecraft:sprint_one_cm":150294,"minecraft:damage_taken":1947,"minecraft:walk_one_cm":160373,"minecraft:damage_blocked_by_shield":195,"minecraft:drop":12,"minecraft:damage_dealt":6904,"minecraft:swim_one_cm":46,"minecraft:fly_one_cm":188999,"minecraft:open_chest":3,"minecraft:crouch_one_cm":4802,"minecraft:play_time":76002,"minecraft:deaths":3,"minecraft:sneak_time":1874,"minecraft:walk_under_water_one_cm":607,"minecraft:jump":1375,"minecraft:walk_on_water_one_cm":1038,"minecraft:total_world_time":76002,"minecraft:fall_one_cm":30916},"minecraft:killed":{"minecraft:pig":11,"minecraft:spider":2,"minecraft:skeleton":11,"minecraft:sheep":1,"minecraft:zombie":11,"minecraft:chicken":7,"minecraft:cow":2}},"DataVersion":3953}