{"stats":{"minecraft:dropped":{"minecraft:jungle_sapling":1},"minecraft:custom":{"minecraft:interact_with_furnace":9,"minecraft:mob_kills":15,"minecraft:interact_with_crafting_table":8,"minecraft:time_since_death":4721,"minecraft:climb_one_cm":847,"minecraft:time_since_rest":4753,"minecraft:sprint_one_cm":35815,"minecraft:damage_taken":1372,"minecraft:walk_one_cm":47737,"minecraft:damage_blocked_by_shield":55,"minecraft:drop":1,"minecraft:damage_dealt":2560,"minecraft:fly_one_cm":86621,"minecraft:crouch_one_cm":421,"minecraft:play_time":17281,"minecraft:deaths":3,"minecraft:sneak_time":241,"minecraft:jump":430,"minecraft:total_world_time":17281,"minecraft:fall_one_cm":12323},"minecraft:killed_by":{"minecraft:player":2,"minecraft:skeleton":1},"minecraft:crafted":{"minecraft:cooked_beef":3,"minecraft:cooked_porkchop":6,"minecraft:crafting_table":2,"minecraft:wooden_pickaxe":2,"minecraft:cooked_chicken":1,"minecraft:furnace":1,"minecraft:stone_axe":2,"minecraft:air":0,"minecraft:jungle_planks":64,"minecraft:shield":1,"minecraft:stick":16,"minecraft:iron_ingot":4,"minecraft:stone_pickaxe":2,"minecraft:wooden_axe":1},"minecraft:used":{"minecraft:stone_pickaxe":30,"minecraft:wooden_pickaxe":14,"minecraft:shield":3,"minecraft:cooked_chicken":1,"minecraft:rotten_flesh":1,"minecraft:dirt":11,"minecraft:crafting_table":3,"minecraft:jungle_planks":3,"minecraft:gravel":3,"minecraft:stone_axe":56,"minecraft:cobblestone":2,"minecraft:furnace":2,"minecraft:cooked_porkchop":3,"minecraft:cooked_beef":1},"minecraft:killed":{"minecraft:pig":3,"minecraft:spider":2,"minecraft:skeleton":4,"minecraft:zombie":3,"minecraft:chicken":2,"minecraft:cow":1},"minecraft:mined":{"minecraft:crafting_table":2,"minecraft:short_grass":7,"minecraft:grass_block":7,"minecraft:jungle_log":16,"minecraft:furnace":1,"minecraft:iron_ore":4,"minecraft:coal_ore":15,"minecraft:vine":4,"minecraft:gravel":3,"minecraft:dirt":6,"minecraft:stone":22,"minecraft:fern":2},"minecraft:picked_up":{"minecraft:wooden_axe":1,"minecraft:crafting_table":2,"minecraft:feather":2,"minecraft:chicken":3,"minecraft:jungle_log":16,"minecraft:cut_sandstone":2,"minecraft:leather":2,"minecraft:wooden_pickaxe":1,"minecraft:shield":1,"minecraft:dirt":27,"minecraft:string":2,"minecraft:bone":8,"minecraft:wheat_seeds":4,"minecraft:beef":6,"minecraft:iron_ingot":3,"minecraft:stone_pickaxe":1,"minecraft:jungle_sapling":1,"minecraft:furnace":2,"minecraft:raw_iron":4,"minecraft:stick":8,"minecraft:gravel":3,"minecraft:sand":4,"minecraft:porkchop":12,"minecraft:jungle_planks":28,"minecraft:spider_eye":2,"minecraft:arrow":4,"minecraft:rotten_flesh":7,"minecraft:stone_axe":1,"minecraft:coal":39,"minecraft:cobblestone":23}},"DataVersion":3953}