{"stats":{"minecraft:killed_by":{"minecraft:player":2,"minecraft:skeleton":1},"minecraft:picked_up":{"minecraft:wooden_axe":1,"minecraft:crafting_table":7,"minecraft:feather":9,"minecraft:chicken":8,"minecraft:andesite":10,"minecraft:jungle_log":23,"minecraft:cut_sandstone":2,"minecraft:leather":4,"minecraft:wooden_pickaxe":1,"minecraft:potato":1,"minecraft:flint":2,"minecraft:tuff":24,"minecraft:oak_log":6,"minecraft:shield":1,"minecraft:dirt":29,"minecraft:lapis_lazuli":10,"minecraft:string":4,"minecraft:moss_carpet":1,"minecraft:bone":18,"minecraft:bow":1,"minecraft:wheat_seeds":6,"minecraft:cobbled_deepslate":162,"minecraft:raw_gold":40,"minecraft:iron_ingot":3,"minecraft:beef":8,"minecraft:stone_pickaxe":1,"minecraft:jungle_sapling":1,"minecraft:iron_pickaxe":1,"minecraft:furnace":4,"minecraft:egg":3,"minecraft:stick":10,"minecraft:raw_iron":167,"minecraft:torch":2,"minecraft:gravel":9,"minecraft:porkchop":28,"minecraft:sand":4,"minecraft:jungle_planks":28,"minecraft:diorite":26,"minecraft:spider_eye":2,"minecraft:arrow":10,"minecraft:rotten_flesh":19,"minecraft:diamond":14,"minecraft:stone_axe":1,"minecraft:granite":29,"minecraft:oak_sapling":2,"minecraft:glow_berries":51,"minecraft:mutton":4,"minecraft:coal":197,"minecraft:white_wool":4,"minecraft:cobblestone":155},"minecraft:dropped":{"minecraft:gravel":2,"minecraft:wheat_seeds":2,"minecraft:feather":1,"minecraft:rotten_flesh":6,"minecraft:stick":2,"minecraft:diorite":3,"minecraft:andesite":2,"minecraft:oak_sapling":2,"minecraft:jungle_sapling":1,"minecraft:spider_eye":1,"minecraft:wooden_pickaxe":1,"minecraft:iron_pickaxe":1},"minecraft:broken":{"minecraft:stone_pickaxe":5,"minecraft:stone_axe":1},"minecraft:crafted":{"minecraft:cooked_beef":5,"minecraft:cooked_porkchop":22,"minecraft:crafting_table":4,"minecraft:iron_helmet":1,"minecraft:wooden_pickaxe":2,"minecraft:cooked_chicken":7,"minecraft:furnace":3,"minecraft:bucket":2,"minecraft:stone_axe":3,"minecraft:cooked_mutton":1,"minecraft:air":0,"minecraft:jungle_planks":92,"minecraft:iron_boots":1,"minecraft:iron_chestplate":1,"minecraft:shield":1,"minecraft:iron_axe":1,"minecraft:stick":56,"minecraft:iron_ingot":60,"minecraft:iron_pickaxe":1,"minecraft:stone_pickaxe":8,"minecraft:wooden_axe":1,"minecraft:chest":1,"minecraft:iron_leggings":1,"minecraft:torch":96},"minecraft:mined":{"minecraft:tuff":25,"minecraft:flowering_azalea":2,"minecraft:deepslate_diamond_ore":15,"minecraft:amethyst_cluster":1,"minecraft:clay":9,"minecraft:torch":1,"minecraft:crafting_table":7,"minecraft:granite":29,"minecraft:short_grass":10,"minecraft:grass_block":7,"minecraft:jungle_log":23,"minecraft:tall_grass":1,"minecraft:copper_ore":1,"minecraft:deepslate_gold_ore":28,"minecraft:lapis_ore":2,"minecraft:moss_block":3,"minecraft:diorite":28,"minecraft:wall_torch":1,"minecraft:amethyst_block":1,"minecraft:furnace":3,"minecraft:iron_ore":133,"minecraft:andesite":8,"minecraft:moss_carpet":2,"minecraft:oak_log":6,"minecraft:coal_ore":154,"minecraft:deepslate_iron_ore":33,"minecraft:vine":5,"minecraft:gravel":16,"minecraft:dirt":8,"minecraft:stone":159,"minecraft:gold_ore":12,"minecraft:deepslate":166,"minecraft:fern":3},"minecraft:used":{"minecraft:cooked_mutton":1,"minecraft:water_bucket":2,"minecraft:diorite":20,"minecraft:stone_pickaxe":658,"minecraft:wooden_pickaxe":14,"minecraft:chest":1,"minecraft:shield":11,"minecraft:cooked_chicken":5,"minecraft:rotten_flesh":1,"minecraft:iron_chestplate":1,"minecraft:torch":70,"minecraft:glow_berries":13,"minecraft:dirt":23,"minecraft:crafting_table":10,"minecraft:jungle_planks":3,"minecraft:tuff":5,"minecraft:lava_bucket":1,"minecraft:iron_axe":45,"minecraft:iron_pickaxe":147,"minecraft:gravel":5,"minecraft:stone_axe":130,"minecraft:cobblestone":2,"minecraft:furnace":6,"minecraft:cooked_porkchop":7,"minecraft:andesite":1,"minecraft:bucket":5,"minecraft:cooked_beef":5,"minecraft:cobbled_deepslate":49,"minecraft:iron_leggings":1},"minecraft:custom":{"minecraft:interact_with_furnace":33,"minecraft:mob_kills":56,"minecraft:interact_with_crafting_table":23,"minecraft:leave_game":2,"minecraft:time_since_death":87442,"minecraft:climb_one_cm":3068,"minecraft:time_since_rest":87474,"minecraft:sprint_one_cm":225263,"minecraft:damage_taken":2112,"minecraft:walk_one_cm":212665,"minecraft:damage_blocked_by_shield":279,"minecraft:drop":17,"minecraft:damage_dealt":8534,"minecraft:swim_one_cm":14609,"minecraft:fly_one_cm":256200,"minecraft:open_chest":3,"minecraft:crouch_one_cm":5667,"minecraft:play_time":100002,"minecraft:deaths":3,"minecraft:sneak_time":2189,"minecraft:walk_under_water_one_cm":6761,"minecraft:jump":1977,"minecraft:walk_on_water_one_cm":5492,"minecraft:total_world_time":100002,"minecraft:fall_one_cm":38351},"minecraft:killed":{"minecraft:pig":11,"minecraft:spider":4,"minecraft:skeleton":12,"minecraft:sheep":4,"minecraft:zombie":15,"minecraft:chicken":7,"minecraft:axolotl":1,"minecraft:cow":2}},"DataVersion":3953}