{"stats":{"minecraft:dropped":{"minecraft:jungle_sapling":1},"minecraft:custom":{"minecraft:interact_with_furnace":15,"minecraft:mob_kills":31,"minecraft:interact_with_crafting_table":14,"minecraft:leave_game":1,"minecraft:time_since_death":18685,"minecraft:climb_one_cm":1867,"minecraft:time_since_rest":18717,"minecraft:sprint_one_cm":64965,"minecraft:damage_taken":1412,"minecraft:walk_one_cm":67510,"minecraft:damage_blocked_by_shield":55,"minecraft:drop":1,"minecraft:damage_dealt":3862,"minecraft:fly_one_cm":139835,"minecraft:crouch_one_cm":929,"minecraft:play_time":31245,"minecraft:deaths":3,"minecraft:sneak_time":422,"minecraft:jump":699,"minecraft:total_world_time":31245,"minecraft:fall_one_cm":19609},"minecraft:broken":{"minecraft:stone_pickaxe":1,"minecraft:stone_axe":1},"minecraft:killed_by":{"minecraft:player":2,"minecraft:skeleton":1},"minecraft:crafted":{"minecraft:cooked_beef":3,"minecraft:cooked_porkchop":6,"minecraft:crafting_table":3,"minecraft:wooden_pickaxe":2,"minecraft:cooked_chicken":1,"minecraft:furnace":2,"minecraft:stone_axe":3,"minecraft:air":0,"minecraft:jungle_planks":64,"minecraft:iron_chestplate":1,"minecraft:shield":1,"minecraft:stick":20,"minecraft:iron_ingot":12,"minecraft:iron_pickaxe":1,"minecraft:stone_pickaxe":4,"minecraft:wooden_axe":1},"minecraft:used":{"minecraft:stone_pickaxe":199,"minecraft:wooden_pickaxe":14,"minecraft:shield":3,"minecraft:cooked_chicken":1,"minecraft:rotten_flesh":1,"minecraft:iron_chestplate":1,"minecraft:dirt":14,"minecraft:crafting_table":6,"minecraft:jungle_planks":3,"minecraft:gravel":3,"minecraft:stone_axe":95,"minecraft:cobblestone":2,"minecraft:furnace":4,"minecraft:cooked_porkchop":4,"minecraft:cooked_beef":1},"minecraft:killed":{"minecraft:pig":11,"minecraft:spider":2,"minecraft:sheep":1,"minecraft:skeleton":4,"minecraft:zombie":4,"minecraft:chicken":7,"minecraft:cow":2},"minecraft:mined":{"minecraft:crafting_table":4,"minecraft:granite":29,"minecraft:short_grass":10,"minecraft:grass_block":7,"minecraft:jungle_log":23,"minecraft:diorite":23,"minecraft:furnace":2,"minecraft:iron_ore":12,"minecraft:coal_ore":38,"minecraft:vine":5,"minecraft:gravel":3,"minecraft:dirt":6,"minecraft:stone":107,"minecraft:fern":3},"minecraft:picked_up":{"minecraft:wooden_axe":1,"minecraft:crafting_table":4,"minecraft:feather":9,"minecraft:chicken":8,"minecraft:jungle_log":23,"minecraft:cut_sandstone":2,"minecraft:leather":4,"minecraft:wooden_pickaxe":1,"minecraft:shield":1,"minecraft:dirt":27,"minecraft:string":2,"minecraft:bone":8,"minecraft:wheat_seeds":4,"minecraft:beef":8,"minecraft:iron_ingot":3,"minecraft:stone_pickaxe":1,"minecraft:jungle_sapling":1,"minecraft:egg":3,"minecraft:furnace":3,"minecraft:raw_iron":12,"minecraft:stick":8,"minecraft:gravel":3,"minecraft:sand":4,"minecraft:porkchop":28,"minecraft:jungle_planks":28,"minecraft:diorite":23,"minecraft:spider_eye":2,"minecraft:arrow":4,"minecraft:rotten_flesh":7,"minecraft:stone_axe":1,"minecraft:granite":29,"minecraft:oak_sapling":1,"minecraft:mutton":1,"minecraft:coal":69,"minecraft:white_wool":1,"minecraft:cobblestone":107}},"DataVersion":3953}