{"stats":{"minecraft:dropped":{"minecraft:wheat_seeds":2,"minecraft:feather":1,"minecraft:oak_sapling":2,"minecraft:jungle_sapling":1,"minecraft:spider_eye":1,"minecraft:wooden_pickaxe":1},"minecraft:custom":{"minecraft:interact_with_furnace":28,"minecraft:mob_kills":36,"minecraft:interact_with_crafting_table":17,"minecraft:leave_game":1,"minecraft:time_since_death":32867,"minecraft:climb_one_cm":1867,"minecraft:time_since_rest":32899,"minecraft:sprint_one_cm":89887,"minecraft:damage_taken":1657,"minecraft:walk_one_cm":96598,"minecraft:damage_blocked_by_shield":140,"minecraft:drop":7,"minecraft:damage_dealt":5022,"minecraft:fly_one_cm":153646,"minecraft:crouch_one_cm":1491,"minecraft:play_time":45427,"minecraft:deaths":3,"minecraft:sneak_time":741,"minecraft:jump":856,"minecraft:total_world_time":45427,"minecraft:fall_one_cm":22692},"minecraft:broken":{"minecraft:stone_pickaxe":2,"minecraft:stone_axe":1},"minecraft:killed_by":{"minecraft:player":2,"minecraft:skeleton":1},"minecraft:crafted":{"minecraft:cooked_beef":5,"minecraft:cooked_porkchop":22,"minecraft:crafting_table":3,"minecraft:iron_helmet":1,"minecraft:wooden_pickaxe":2,"minecraft:cooked_chicken":7,"minecraft:furnace":2,"minecraft:stone_axe":3,"minecraft:cooked_mutton":1,"minecraft:air":0,"minecraft:jungle_planks":92,"minecraft:iron_boots":1,"minecraft:iron_chestplate":1,"minecraft:shield":1,"minecraft:stick":44,"minecraft:iron_ingot":29,"minecraft:iron_pickaxe":1,"minecraft:stone_pickaxe":4,"minecraft:wooden_axe":1,"minecraft:iron_leggings":1,"minecraft:torch":96},"minecraft:used":{"minecraft:stone_pickaxe":314,"minecraft:wooden_pickaxe":14,"minecraft:shield":6,"minecraft:cooked_chicken":1,"minecraft:rotten_flesh":1,"minecraft:iron_chestplate":1,"minecraft:torch":32,"minecraft:dirt":23,"minecraft:crafting_table":6,"minecraft:jungle_planks":3,"minecraft:gravel":3,"minecraft:stone_axe":113,"minecraft:cobblestone":2,"minecraft:furnace":4,"minecraft:cooked_porkchop":7,"minecraft:cooked_beef":1,"minecraft:iron_leggings":1},"minecraft:killed":{"minecraft:pig":11,"minecraft:spider":2,"minecraft:skeleton":5,"minecraft:sheep":1,"minecraft:zombie":8,"minecraft:chicken":7,"minecraft:cow":2},"minecraft:mined":{"minecraft:crafting_table":5,"minecraft:granite":29,"minecraft:short_grass":10,"minecraft:grass_block":7,"minecraft:jungle_log":23,"minecraft:copper_ore":1,"minecraft:diorite":23,"minecraft:furnace":3,"minecraft:iron_ore":33,"minecraft:coal_ore":119,"minecraft:vine":5,"minecraft:gravel":3,"minecraft:dirt":6,"minecraft:stone":118,"minecraft:fern":3},"minecraft:picked_up":{"minecraft:wooden_axe":1,"minecraft:crafting_table":5,"minecraft:feather":9,"minecraft:chicken":8,"minecraft:jungle_log":23,"minecraft:cut_sandstone":2,"minecraft:leather":4,"minecraft:wooden_pickaxe":1,"minecraft:shield":1,"minecraft:dirt":27,"minecraft:string":2,"minecraft:bone":10,"minecraft:wheat_seeds":6,"minecraft:iron_ingot":3,"minecraft:beef":8,"minecraft:stone_pickaxe":1,"minecraft:jungle_sapling":1,"minecraft:egg":3,"minecraft:furnace":4,"minecraft:stick":8,"minecraft:raw_iron":33,"minecraft:gravel":3,"minecraft:porkchop":28,"minecraft:sand":4,"minecraft:jungle_planks":28,"minecraft:diorite":23,"minecraft:spider_eye":2,"minecraft:arrow":6,"minecraft:rotten_flesh":12,"minecraft:stone_axe":1,"minecraft:granite":29,"minecraft:oak_sapling":2,"minecraft:mutton":1,"minecraft:coal":162,"minecraft:white_wool":1,"minecraft:cobblestone":114}},"DataVersion":3953}