{"stats":{"minecraft:killed_by":{"minecraft:player":2,"minecraft:skeleton":1},"minecraft:picked_up":{"minecraft:wooden_axe":1,"minecraft:crafting_table":7,"minecraft:feather":9,"minecraft:chicken":8,"minecraft:andesite":4,"minecraft:jungle_log":23,"minecraft:cut_sandstone":2,"minecraft:leather":4,"minecraft:wooden_pickaxe":1,"minecraft:potato":1,"minecraft:flint":2,"minecraft:tuff":24,"minecraft:shield":1,"minecraft:dirt":27,"minecraft:lapis_lazuli":10,"minecraft:string":4,"minecraft:moss_carpet":1,"minecraft:bone":18,"minecraft:bow":1,"minecraft:wheat_seeds":6,"minecraft:cobbled_deepslate":162,"minecraft:raw_gold":36,"minecraft:iron_ingot":3,"minecraft:beef":8,"minecraft:stone_pickaxe":1,"minecraft:jungle_sapling":1,"minecraft:iron_pickaxe":1,"minecraft:furnace":4,"minecraft:egg":3,"minecraft:stick":8,"minecraft:raw_iron":137,"minecraft:gravel":8,"minecraft:porkchop":28,"minecraft:sand":4,"minecraft:jungle_planks":28,"minecraft:diorite":26,"minecraft:spider_eye":2,"minecraft:arrow":9,"minecraft:rotten_flesh":19,"minecraft:diamond":14,"minecraft:stone_axe":1,"minecraft:granite":29,"minecraft:oak_sapling":2,"minecraft:glow_berries":27,"minecraft:mutton":1,"minecraft:coal":197,"minecraft:white_wool":1,"minecraft:cobblestone":121},"minecraft:dropped":{"minecraft:gravel":1,"minecraft:wheat_seeds":2,"minecraft:feather":1,"minecraft:rotten_flesh":1,"minecraft:diorite":3,"minecraft:andesite":2,"minecraft:oak_sapling":2,"minecraft:jungle_sapling":1,"minecraft:spider_eye":1,"minecraft:wooden_pickaxe":1,"minecraft:iron_pickaxe":1},"minecraft:broken":{"minecraft:stone_pickaxe":4,"minecraft:stone_axe":1},"minecraft:crafted":{"minecraft:cooked_beef":5,"minecraft:cooked_porkchop":22,"minecraft:crafting_table":4,"minecraft:iron_helmet":1,"minecraft:wooden_pickaxe":2,"minecraft:cooked_chicken":7,"minecraft:furnace":2,"minecraft:bucket":2,"minecraft:stone_axe":3,"minecraft:cooked_mutton":1,"minecraft:air":0,"minecraft:jungle_planks":92,"minecraft:iron_boots":1,"minecraft:iron_chestplate":1,"minecraft:shield":1,"minecraft:iron_axe":1,"minecraft:stick":56,"minecraft:iron_ingot":60,"minecraft:iron_pickaxe":1,"minecraft:stone_pickaxe":8,"minecraft:wooden_axe":1,"minecraft:chest":1,"minecraft:iron_leggings":1,"minecraft:torch":96},"minecraft:mined":{"minecraft:tuff":25,"minecraft:flowering_azalea":2,"minecraft:deepslate_diamond_ore":15,"minecraft:amethyst_cluster":1,"minecraft:crafting_table":7,"minecraft:granite":29,"minecraft:short_grass":10,"minecraft:grass_block":7,"minecraft:jungle_log":23,"minecraft:tall_grass":1,"minecraft:copper_ore":1,"minecraft:deepslate_gold_ore":25,"minecraft:lapis_ore":2,"minecraft:moss_block":3,"minecraft:diorite":23,"minecraft:amethyst_block":1,"minecraft:furnace":3,"minecraft:iron_ore":107,"minecraft:andesite":2,"minecraft:moss_carpet":2,"minecraft:coal_ore":154,"minecraft:deepslate_iron_ore":30,"minecraft:vine":5,"minecraft:gravel":7,"minecraft:dirt":6,"minecraft:stone":125,"minecraft:gold_ore":11,"minecraft:deepslate":153,"minecraft:fern":3},"minecraft:used":{"minecraft:cooked_mutton":1,"minecraft:water_bucket":2,"minecraft:diorite":20,"minecraft:stone_pickaxe":590,"minecraft:wooden_pickaxe":14,"minecraft:chest":1,"minecraft:shield":9,"minecraft:cooked_chicken":3,"minecraft:rotten_flesh":1,"minecraft:iron_chestplate":1,"minecraft:torch":64,"minecraft:glow_berries":5,"minecraft:dirt":23,"minecraft:crafting_table":9,"minecraft:jungle_planks":3,"minecraft:lava_bucket":1,"minecraft:iron_axe":29,"minecraft:iron_pickaxe":114,"minecraft:gravel":5,"minecraft:stone_axe":130,"minecraft:cobblestone":2,"minecraft:furnace":5,"minecraft:cooked_porkchop":7,"minecraft:andesite":1,"minecraft:bucket":5,"minecraft:cooked_beef":5,"minecraft:cobbled_deepslate":49,"minecraft:iron_leggings":1},"minecraft:custom":{"minecraft:interact_with_furnace":32,"minecraft:mob_kills":50,"minecraft:interact_with_crafting_table":22,"minecraft:leave_game":2,"minecraft:time_since_death":75442,"minecraft:climb_one_cm":2952,"minecraft:time_since_rest":75474,"minecraft:sprint_one_cm":187952,"minecraft:damage_taken":2007,"minecraft:walk_one_cm":188697,"minecraft:damage_blocked_by_shield":195,"minecraft:drop":14,"minecraft:damage_dealt":7825,"minecraft:swim_one_cm":2906,"minecraft:fly_one_cm":213270,"minecraft:open_chest":3,"minecraft:crouch_one_cm":4963,"minecraft:play_time":88002,"minecraft:deaths":3,"minecraft:sneak_time":1925,"minecraft:walk_under_water_one_cm":1406,"minecraft:jump":1682,"minecraft:walk_on_water_one_cm":3566,"minecraft:total_world_time":88002,"minecraft:fall_one_cm":32648},"minecraft:killed":{"minecraft:pig":11,"minecraft:spider":4,"minecraft:skeleton":11,"minecraft:sheep":1,"minecraft:zombie":14,"minecraft:chicken":7,"minecraft:cow":2}},"DataVersion":3953}