{"stats":{"minecraft:dropped":{"minecraft:wheat_seeds":1,"minecraft:glow_ink_sac":10,"minecraft:cocoa_beans":1,"minecraft:diamond":6,"minecraft:pointed_dripstone":46,"minecraft:rotten_flesh":6,"minecraft:jungle_planks":7,"minecraft:melon_slice":3,"minecraft:oak_sapling":2,"minecraft:wooden_pickaxe":1},"minecraft:custom":{"minecraft:interact_with_furnace":7,"minecraft:mob_kills":8,"minecraft:interact_with_crafting_table":6,"minecraft:time_since_death":43897,"minecraft:climb_one_cm":3057,"minecraft:time_since_rest":43930,"minecraft:sprint_one_cm":34321,"minecraft:damage_taken":908,"minecraft:walk_one_cm":169610,"minecraft:damage_blocked_by_shield":205,"minecraft:drop":34,"minecraft:damage_dealt":1932,"minecraft:swim_one_cm":8803,"minecraft:fly_one_cm":34135,"minecraft:crouch_one_cm":6498,"minecraft:play_time":51600,"minecraft:deaths":1,"minecraft:sneak_time":4662,"minecraft:walk_under_water_one_cm":1535,"minecraft:jump":891,"minecraft:walk_on_water_one_cm":6864,"minecraft:total_world_time":51600,"minecraft:fall_one_cm":29328},"minecraft:broken":{"minecraft:wooden_pickaxe":1},"minecraft:killed_by":{"minecraft:player":1},"minecraft:crafted":{"minecraft:wooden_sword":1,"minecraft:crafting_table":3,"minecraft:wooden_pickaxe":2,"minecraft:iron_sword":1,"minecraft:furnace":1,"minecraft:stone_axe":1,"minecraft:jungle_planks":100,"minecraft:shield":1,"minecraft:stick":28,"minecraft:iron_ingot":12,"minecraft:iron_pickaxe":1,"minecraft:stone_pickaxe":1,"minecraft:wooden_axe":1,"minecraft:torch":36},"minecraft:used":{"minecraft:diorite":6,"minecraft:stone_pickaxe":23,"minecraft:shield":7,"minecraft:wooden_pickaxe":59,"minecraft:iron_sword":32,"minecraft:rotten_flesh":4,"minecraft:torch":23,"minecraft:crafting_table":6,"minecraft:spider_eye":1,"minecraft:dripstone_block":7,"minecraft:granite":1,"minecraft:wooden_axe":26,"minecraft:melon_slice":33,"minecraft:iron_pickaxe":7,"minecraft:jungle_log":1,"minecraft:stone_axe":2,"minecraft:wooden_sword":10,"minecraft:cobblestone":19,"minecraft:furnace":1,"minecraft:andesite":4,"minecraft:cobbled_deepslate":9,"minecraft:pointed_dripstone":4},"minecraft:killed":{"minecraft:pig":1,"minecraft:skeleton":2,"minecraft:zombie":5},"minecraft:mined":{"minecraft:jungle_leaves":2,"minecraft:crafting_table":4,"minecraft:granite":1,"minecraft:short_grass":15,"minecraft:melon":10,"minecraft:jungle_log":26,"minecraft:diorite":6,"minecraft:wall_torch":1,"minecraft:iron_ore":8,"minecraft:andesite":5,"minecraft:deepslate_iron_ore":4,"minecraft:pointed_dripstone":25,"minecraft:coal_ore":18,"minecraft:vine":4,"minecraft:dripstone_block":7,"minecraft:stone":24,"minecraft:oak_leaves":9,"minecraft:deepslate":9,"minecraft:fern":2},"minecraft:picked_up":{"minecraft:wooden_axe":1,"minecraft:cocoa_beans":1,"minecraft:crafting_table":4,"minecraft:wheat":2,"minecraft:glow_ink_sac":10,"minecraft:jungle_log":26,"minecraft:andesite":4,"minecraft:wooden_pickaxe":3,"minecraft:string":1,"minecraft:iron_axe":1,"minecraft:wooden_sword":2,"minecraft:bone":3,"minecraft:wheat_seeds":4,"minecraft:cobbled_deepslate":17,"minecraft:iron_ingot":5,"minecraft:stone_pickaxe":2,"minecraft:iron_pickaxe":2,"minecraft:melon_slice":45,"minecraft:iron_sword":1,"minecraft:stick":12,"minecraft:raw_iron":12,"minecraft:torch":1,"minecraft:dripstone_block":7,"minecraft:jungle_planks":1,"minecraft:porkchop":1,"minecraft:pointed_dripstone":99,"minecraft:diorite":6,"minecraft:spider_eye":1,"minecraft:rotten_flesh":10,"minecraft:arrow":8,"minecraft:diamond":14,"minecraft:granite":1,"minecraft:oak_sapling":2,"minecraft:coal":18,"minecraft:cobblestone":29}},"DataVersion":3953}