{"stats":{"minecraft:killed_by":{"minecraft:player":1},"minecraft:picked_up":{"minecraft:wooden_axe":1,"minecraft:cocoa_beans":1,"minecraft:wheat":2,"minecraft:crafting_table":6,"minecraft:tripwire_hook":2,"minecraft:glow_ink_sac":10,"minecraft:andesite":7,"minecraft:jungle_log":26,"minecraft:wooden_pickaxe":3,"minecraft:tuff":2,"minecraft:oak_log":25,"minecraft:dirt":4,"minecraft:string":5,"minecraft:iron_axe":1,"minecraft:wooden_sword":2,"minecraft:bone":7,"minecraft:apple":1,"minecraft:bow":1,"minecraft:wheat_seeds":5,"minecraft:cobbled_deepslate":36,"minecraft:iron_ingot":6,"minecraft:stone_pickaxe":2,"minecraft:iron_pickaxe":2,"minecraft:bamboo":10,"minecraft:melon_slice":205,"minecraft:iron_sword":2,"minecraft:furnace":1,"minecraft:stick":12,"minecraft:raw_iron":32,"minecraft:torch":10,"minecraft:dripstone_block":7,"minecraft:porkchop":1,"minecraft:jungle_planks":1,"minecraft:pointed_dripstone":109,"minecraft:diorite":27,"minecraft:redstone":9,"minecraft:mossy_cobblestone":6,"minecraft:spider_eye":1,"minecraft:arrow":10,"minecraft:rotten_flesh":15,"minecraft:diamond":17,"minecraft:granite":1,"minecraft:oak_sapling":4,"minecraft:coal":18,"minecraft:cobblestone":71},"minecraft:broken":{"minecraft:wooden_pickaxe":1},"minecraft:dropped":{"minecraft:iron_ingot":4,"minecraft:iron_sword":2,"minecraft:wheat_seeds":2,"minecraft:glow_ink_sac":10,"minecraft:mossy_cobblestone":6,"minecraft:cobbled_deepslate":1,"minecraft:cocoa_beans":1,"minecraft:diamond":6,"minecraft:pointed_dripstone":98,"minecraft:rotten_flesh":6,"minecraft:jungle_planks":7,"minecraft:wooden_axe":1,"minecraft:melon_slice":3,"minecraft:oak_sapling":4,"minecraft:wooden_sword":1,"minecraft:bow":1,"minecraft:stone_pickaxe":2,"minecraft:wooden_pickaxe":2,"minecraft:iron_pickaxe":1,"minecraft:tripwire_hook":2,"minecraft:bone":7},"minecraft:crafted":{"minecraft:wooden_sword":1,"minecraft:oak_planks":56,"minecraft:cooked_porkchop":1,"minecraft:crafting_table":4,"minecraft:wooden_pickaxe":2,"minecraft:iron_sword":1,"minecraft:furnace":2,"minecraft:stone_axe":1,"minecraft:jungle_planks":100,"minecraft:charcoal":9,"minecraft:white_wool":1,"minecraft:iron_chestplate":1,"minecraft:shield":1,"minecraft:stick":28,"minecraft:iron_ingot":26,"minecraft:iron_pickaxe":2,"minecraft:stone_pickaxe":1,"minecraft:wooden_axe":1,"minecraft:torch":52},"minecraft:mined":{"minecraft:deepslate_redstone_ore":2,"minecraft:tuff":2,"minecraft:mossy_cobblestone":3,"minecraft:deepslate_diamond_ore":3,"minecraft:jungle_leaves":2,"minecraft:crafting_table":6,"minecraft:torch":2,"minecraft:granite":1,"minecraft:short_grass":27,"minecraft:grass_block":4,"minecraft:melon":40,"minecraft:jungle_log":26,"minecraft:cobblestone":9,"minecraft:diorite":26,"minecraft:wall_torch":8,"minecraft:furnace":1,"minecraft:iron_ore":14,"minecraft:andesite":8,"minecraft:oak_log":24,"minecraft:pointed_dripstone":32,"minecraft:coal_ore":18,"minecraft:deepslate_iron_ore":18,"minecraft:vine":4,"minecraft:dripstone_block":7,"minecraft:cobweb":4,"minecraft:bamboo":1,"minecraft:tripwire_hook":2,"minecraft:stone":58,"minecraft:oak_leaves":14,"minecraft:deepslate":29,"minecraft:fern":6},"minecraft:used":{"minecraft:diorite":27,"minecraft:stone_pickaxe":23,"minecraft:wooden_pickaxe":59,"minecraft:shield":11,"minecraft:iron_sword":70,"minecraft:rotten_flesh":4,"minecraft:torch":46,"minecraft:dirt":4,"minecraft:crafting_table":9,"minecraft:spider_eye":1,"minecraft:dripstone_block":7,"minecraft:tuff":2,"minecraft:granite":1,"minecraft:wooden_axe":26,"minecraft:apple":1,"minecraft:melon_slice":61,"minecraft:iron_pickaxe":127,"minecraft:jungle_log":1,"minecraft:stone_axe":66,"minecraft:wooden_sword":10,"minecraft:bow":1,"minecraft:cobblestone":56,"minecraft:furnace":2,"minecraft:cooked_porkchop":1,"minecraft:andesite":7,"minecraft:cobbled_deepslate":27,"minecraft:pointed_dripstone":11},"minecraft:custom":{"minecraft:interact_with_furnace":16,"minecraft:mob_kills":16,"minecraft:interact_with_crafting_table":20,"minecraft:leave_game":2,"minecraft:time_since_death":111823,"minecraft:climb_one_cm":10391,"minecraft:time_since_rest":111856,"minecraft:sprint_one_cm":64852,"minecraft:damage_taken":1503,"minecraft:walk_one_cm":375524,"minecraft:damage_blocked_by_shield":285,"minecraft:drop":56,"minecraft:damage_dealt":3283,"minecraft:swim_one_cm":8803,"minecraft:fly_one_cm":48643,"minecraft:open_chest":4,"minecraft:crouch_one_cm":12247,"minecraft:play_time":119526,"minecraft:sneak_time":7158,"minecraft:deaths":1,"minecraft:walk_under_water_one_cm":1693,"minecraft:jump":1936,"minecraft:walk_on_water_one_cm":8284,"minecraft:total_world_time":119526,"minecraft:inspect_dispenser":2,"minecraft:fall_one_cm":50577},"minecraft:killed":{"minecraft:pig":1,"minecraft:skeleton":3,"minecraft:zombie":12}},"DataVersion":3953}