{"stats":{"minecraft:dropped":{"minecraft:wheat_seeds":1},"minecraft:custom":{"minecraft:time_since_rest":1930,"minecraft:sprint_one_cm":23898,"minecraft:damage_taken":303,"minecraft:walk_one_cm":58945,"minecraft:mob_kills":1,"minecraft:drop":1,"minecraft:damage_dealt":474,"minecraft:interact_with_crafting_table":1,"minecraft:fly_one_cm":23010,"minecraft:crouch_one_cm":15,"minecraft:play_time":9600,"minecraft:deaths":1,"minecraft:sneak_time":10,"minecraft:jump":179,"minecraft:time_since_death":1897,"minecraft:total_world_time":9600,"minecraft:fall_one_cm":3021},"minecraft:killed_by":{"minecraft:player":1},"minecraft:crafted":{"minecraft:wooden_sword":1,"minecraft:crafting_table":1,"minecraft:stick":8,"minecraft:wooden_pickaxe":1,"minecraft:wooden_axe":1,"minecraft:jungle_planks":32},"minecraft:used":{"minecraft:wooden_axe":2,"minecraft:jungle_log":1,"minecraft:rotten_flesh":4,"minecraft:wooden_sword":9,"minecraft:crafting_table":1,"minecraft:spider_eye":1},"minecraft:killed":{"minecraft:pig":1},"minecraft:mined":{"minecraft:crafting_table":1,"minecraft:short_grass":14,"minecraft:vine":1,"minecraft:jungle_log":9,"minecraft:fern":2},"minecraft:picked_up":{"minecraft:stick":3,"minecraft:crafting_table":1,"minecraft:wheat":2,"minecraft:jungle_log":9,"minecraft:wooden_pickaxe":1,"minecraft:porkchop":1,"minecraft:spider_eye":1,"minecraft:string":1,"minecraft:iron_axe":1,"minecraft:wooden_sword":1,"minecraft:arrow":2,"minecraft:rotten_flesh":4,"minecraft:wheat_seeds":4,"minecraft:stone_pickaxe":1,"minecraft:iron_pickaxe":1}},"DataVersion":3953}