{"stats":{"minecraft:killed_by":{"minecraft:player":1},"minecraft:picked_up":{"minecraft:wooden_axe":1,"minecraft:cocoa_beans":1,"minecraft:wheat":2,"minecraft:crafting_table":5,"minecraft:glow_ink_sac":10,"minecraft:andesite":7,"minecraft:jungle_log":26,"minecraft:wooden_pickaxe":3,"minecraft:tuff":2,"minecraft:oak_log":9,"minecraft:dirt":4,"minecraft:string":5,"minecraft:iron_axe":1,"minecraft:wooden_sword":2,"minecraft:bone":7,"minecraft:apple":1,"minecraft:bow":1,"minecraft:wheat_seeds":4,"minecraft:cobbled_deepslate":36,"minecraft:iron_ingot":6,"minecraft:stone_pickaxe":2,"minecraft:iron_pickaxe":2,"minecraft:melon_slice":60,"minecraft:iron_sword":2,"minecraft:stick":12,"minecraft:raw_iron":26,"minecraft:torch":4,"minecraft:dripstone_block":7,"minecraft:porkchop":1,"minecraft:jungle_planks":1,"minecraft:pointed_dripstone":109,"minecraft:diorite":27,"minecraft:redstone":9,"minecraft:spider_eye":1,"minecraft:arrow":10,"minecraft:rotten_flesh":10,"minecraft:diamond":17,"minecraft:granite":1,"minecraft:oak_sapling":2,"minecraft:coal":18,"minecraft:cobblestone":67},"minecraft:broken":{"minecraft:wooden_pickaxe":1},"minecraft:dropped":{"minecraft:iron_ingot":4,"minecraft:iron_sword":2,"minecraft:wheat_seeds":1,"minecraft:glow_ink_sac":10,"minecraft:cobbled_deepslate":1,"minecraft:cocoa_beans":1,"minecraft:diamond":6,"minecraft:pointed_dripstone":95,"minecraft:rotten_flesh":6,"minecraft:jungle_planks":7,"minecraft:melon_slice":3,"minecraft:oak_sapling":2,"minecraft:bow":1,"minecraft:stone_pickaxe":2,"minecraft:wooden_pickaxe":1,"minecraft:iron_pickaxe":1},"minecraft:crafted":{"minecraft:wooden_sword":1,"minecraft:cooked_porkchop":1,"minecraft:crafting_table":4,"minecraft:wooden_pickaxe":2,"minecraft:iron_sword":1,"minecraft:furnace":2,"minecraft:stone_axe":1,"minecraft:jungle_planks":100,"minecraft:white_wool":1,"minecraft:iron_chestplate":1,"minecraft:shield":1,"minecraft:stick":28,"minecraft:iron_ingot":26,"minecraft:iron_pickaxe":2,"minecraft:stone_pickaxe":1,"minecraft:wooden_axe":1,"minecraft:torch":36},"minecraft:mined":{"minecraft:deepslate_redstone_ore":2,"minecraft:tuff":2,"minecraft:deepslate_diamond_ore":3,"minecraft:jungle_leaves":2,"minecraft:crafting_table":5,"minecraft:torch":2,"minecraft:granite":1,"minecraft:short_grass":15,"minecraft:grass_block":4,"minecraft:melon":10,"minecraft:jungle_log":26,"minecraft:cobblestone":6,"minecraft:diorite":26,"minecraft:wall_torch":2,"minecraft:iron_ore":8,"minecraft:andesite":8,"minecraft:oak_log":9,"minecraft:pointed_dripstone":32,"minecraft:coal_ore":18,"minecraft:deepslate_iron_ore":18,"minecraft:vine":4,"minecraft:dripstone_block":7,"minecraft:cobweb":4,"minecraft:stone":57,"minecraft:oak_leaves":11,"minecraft:deepslate":29,"minecraft:fern":2},"minecraft:used":{"minecraft:diorite":27,"minecraft:stone_pickaxe":23,"minecraft:wooden_pickaxe":59,"minecraft:shield":11,"minecraft:iron_sword":58,"minecraft:rotten_flesh":4,"minecraft:torch":37,"minecraft:dirt":4,"minecraft:crafting_table":8,"minecraft:spider_eye":1,"minecraft:dripstone_block":7,"minecraft:tuff":2,"minecraft:granite":1,"minecraft:wooden_axe":26,"minecraft:apple":1,"minecraft:melon_slice":56,"minecraft:iron_pickaxe":112,"minecraft:jungle_log":1,"minecraft:stone_axe":12,"minecraft:wooden_sword":10,"minecraft:bow":1,"minecraft:cobblestone":53,"minecraft:furnace":2,"minecraft:andesite":7,"minecraft:cobbled_deepslate":27,"minecraft:pointed_dripstone":11},"minecraft:custom":{"minecraft:interact_with_furnace":15,"minecraft:mob_kills":13,"minecraft:interact_with_crafting_table":12,"minecraft:leave_game":1,"minecraft:time_since_death":92981,"minecraft:climb_one_cm":5225,"minecraft:time_since_rest":93014,"minecraft:sprint_one_cm":48983,"minecraft:damage_taken":1273,"minecraft:walk_one_cm":298769,"minecraft:damage_blocked_by_shield":285,"minecraft:drop":43,"minecraft:damage_dealt":2733,"minecraft:swim_one_cm":8803,"minecraft:fly_one_cm":41477,"minecraft:crouch_one_cm":10450,"minecraft:play_time":100684,"minecraft:sneak_time":6134,"minecraft:deaths":1,"minecraft:walk_under_water_one_cm":1535,"minecraft:jump":1642,"minecraft:walk_on_water_one_cm":6930,"minecraft:total_world_time":100684,"minecraft:fall_one_cm":46833},"minecraft:killed":{"minecraft:pig":1,"minecraft:skeleton":3,"minecraft:zombie":9}},"DataVersion":3953}