{"stats":{"minecraft:killed_by":{"minecraft:player":1},"minecraft:picked_up":{"minecraft:wooden_axe":1,"minecraft:cocoa_beans":1,"minecraft:wheat":2,"minecraft:crafting_table":5,"minecraft:glow_ink_sac":10,"minecraft:andesite":4,"minecraft:jungle_log":26,"minecraft:wooden_pickaxe":3,"minecraft:tuff":2,"minecraft:string":5,"minecraft:iron_axe":1,"minecraft:wooden_sword":2,"minecraft:bone":7,"minecraft:bow":1,"minecraft:wheat_seeds":4,"minecraft:cobbled_deepslate":26,"minecraft:iron_ingot":6,"minecraft:stone_pickaxe":2,"minecraft:iron_pickaxe":2,"minecraft:melon_slice":60,"minecraft:iron_sword":2,"minecraft:stick":12,"minecraft:raw_iron":26,"minecraft:torch":4,"minecraft:dripstone_block":7,"minecraft:porkchop":1,"minecraft:jungle_planks":1,"minecraft:pointed_dripstone":106,"minecraft:diorite":24,"minecraft:spider_eye":1,"minecraft:arrow":10,"minecraft:rotten_flesh":10,"minecraft:diamond":17,"minecraft:granite":1,"minecraft:oak_sapling":2,"minecraft:coal":18,"minecraft:cobblestone":36},"minecraft:broken":{"minecraft:wooden_pickaxe":1},"minecraft:dropped":{"minecraft:iron_ingot":4,"minecraft:iron_sword":2,"minecraft:wheat_seeds":1,"minecraft:glow_ink_sac":10,"minecraft:cobbled_deepslate":1,"minecraft:cocoa_beans":1,"minecraft:diamond":6,"minecraft:pointed_dripstone":95,"minecraft:rotten_flesh":6,"minecraft:jungle_planks":7,"minecraft:melon_slice":3,"minecraft:oak_sapling":2,"minecraft:bow":1,"minecraft:stone_pickaxe":2,"minecraft:wooden_pickaxe":1,"minecraft:iron_pickaxe":1},"minecraft:crafted":{"minecraft:wooden_sword":1,"minecraft:crafting_table":4,"minecraft:wooden_pickaxe":2,"minecraft:iron_sword":1,"minecraft:furnace":1,"minecraft:stone_axe":1,"minecraft:jungle_planks":100,"minecraft:iron_chestplate":1,"minecraft:shield":1,"minecraft:stick":28,"minecraft:iron_ingot":12,"minecraft:iron_pickaxe":1,"minecraft:stone_pickaxe":1,"minecraft:wooden_axe":1,"minecraft:torch":36},"minecraft:mined":{"minecraft:tuff":2,"minecraft:deepslate_diamond_ore":3,"minecraft:jungle_leaves":2,"minecraft:crafting_table":5,"minecraft:torch":2,"minecraft:granite":1,"minecraft:short_grass":15,"minecraft:melon":10,"minecraft:jungle_log":26,"minecraft:cobblestone":6,"minecraft:diorite":23,"minecraft:wall_torch":2,"minecraft:iron_ore":8,"minecraft:andesite":5,"minecraft:pointed_dripstone":30,"minecraft:coal_ore":18,"minecraft:deepslate_iron_ore":18,"minecraft:vine":4,"minecraft:dripstone_block":7,"minecraft:cobweb":4,"minecraft:stone":26,"minecraft:oak_leaves":9,"minecraft:deepslate":19,"minecraft:fern":2},"minecraft:used":{"minecraft:diorite":24,"minecraft:stone_pickaxe":23,"minecraft:wooden_pickaxe":59,"minecraft:shield":11,"minecraft:iron_sword":54,"minecraft:rotten_flesh":4,"minecraft:torch":35,"minecraft:crafting_table":7,"minecraft:spider_eye":1,"minecraft:dripstone_block":7,"minecraft:tuff":2,"minecraft:granite":1,"minecraft:wooden_axe":26,"minecraft:melon_slice":54,"minecraft:iron_pickaxe":61,"minecraft:jungle_log":1,"minecraft:stone_axe":3,"minecraft:wooden_sword":10,"minecraft:bow":1,"minecraft:cobblestone":30,"minecraft:furnace":1,"minecraft:andesite":4,"minecraft:cobbled_deepslate":16,"minecraft:pointed_dripstone":11},"minecraft:custom":{"minecraft:interact_with_furnace":7,"minecraft:mob_kills":12,"minecraft:interact_with_crafting_table":9,"minecraft:leave_game":1,"minecraft:time_since_death":80981,"minecraft:climb_one_cm":3057,"minecraft:time_since_rest":81014,"minecraft:sprint_one_cm":48296,"minecraft:damage_taken":1253,"minecraft:walk_one_cm":273098,"minecraft:damage_blocked_by_shield":285,"minecraft:drop":43,"minecraft:damage_dealt":2533,"minecraft:swim_one_cm":8803,"minecraft:fly_one_cm":40854,"minecraft:crouch_one_cm":9527,"minecraft:play_time":88684,"minecraft:sneak_time":5757,"minecraft:deaths":1,"minecraft:walk_under_water_one_cm":1535,"minecraft:jump":1361,"minecraft:walk_on_water_one_cm":6864,"minecraft:total_world_time":88684,"minecraft:fall_one_cm":43044},"minecraft:killed":{"minecraft:pig":1,"minecraft:skeleton":3,"minecraft:zombie":8}},"DataVersion":3953}