{"stats":{"minecraft:dropped":{"minecraft:wheat_seeds":1,"minecraft:cocoa_beans":1,"minecraft:diamond":6,"minecraft:rotten_flesh":4,"minecraft:jungle_planks":7,"minecraft:melon_slice":3,"minecraft:wooden_pickaxe":1},"minecraft:custom":{"minecraft:interact_with_furnace":4,"minecraft:mob_kills":4,"minecraft:interact_with_crafting_table":5,"minecraft:time_since_death":31897,"minecraft:climb_one_cm":3057,"minecraft:time_since_rest":31930,"minecraft:sprint_one_cm":33219,"minecraft:damage_taken":558,"minecraft:walk_one_cm":128729,"minecraft:drop":23,"minecraft:damage_dealt":1074,"minecraft:swim_one_cm":8803,"minecraft:fly_one_cm":31499,"minecraft:crouch_one_cm":6429,"minecraft:play_time":39600,"minecraft:deaths":1,"minecraft:sneak_time":4612,"minecraft:walk_under_water_one_cm":1314,"minecraft:jump":626,"minecraft:walk_on_water_one_cm":2405,"minecraft:total_world_time":39600,"minecraft:fall_one_cm":21984},"minecraft:broken":{"minecraft:wooden_pickaxe":1},"minecraft:killed_by":{"minecraft:player":1},"minecraft:crafted":{"minecraft:wooden_sword":1,"minecraft:crafting_table":3,"minecraft:wooden_pickaxe":2,"minecraft:iron_sword":1,"minecraft:furnace":1,"minecraft:stone_axe":1,"minecraft:jungle_planks":100,"minecraft:stick":28,"minecraft:iron_ingot":11,"minecraft:iron_pickaxe":1,"minecraft:stone_pickaxe":1,"minecraft:wooden_axe":1,"minecraft:torch":36},"minecraft:used":{"minecraft:diorite":6,"minecraft:stone_pickaxe":23,"minecraft:wooden_pickaxe":59,"minecraft:iron_sword":12,"minecraft:rotten_flesh":4,"minecraft:torch":18,"minecraft:crafting_table":4,"minecraft:spider_eye":1,"minecraft:dripstone_block":3,"minecraft:granite":1,"minecraft:wooden_axe":26,"minecraft:melon_slice":17,"minecraft:iron_pickaxe":1,"minecraft:jungle_log":1,"minecraft:stone_axe":2,"minecraft:wooden_sword":10,"minecraft:cobblestone":19,"minecraft:furnace":1,"minecraft:andesite":4},"minecraft:killed":{"minecraft:pig":1,"minecraft:zombie":3},"minecraft:mined":{"minecraft:jungle_leaves":2,"minecraft:crafting_table":4,"minecraft:granite":1,"minecraft:short_grass":15,"minecraft:melon":10,"minecraft:jungle_log":26,"minecraft:diorite":6,"minecraft:wall_torch":1,"minecraft:iron_ore":8,"minecraft:andesite":5,"minecraft:deepslate_iron_ore":4,"minecraft:pointed_dripstone":15,"minecraft:coal_ore":18,"minecraft:vine":4,"minecraft:dripstone_block":7,"minecraft:stone":24,"minecraft:oak_leaves":9,"minecraft:deepslate":9,"minecraft:fern":2},"minecraft:picked_up":{"minecraft:wooden_axe":1,"minecraft:cocoa_beans":1,"minecraft:crafting_table":3,"minecraft:wheat":2,"minecraft:jungle_log":26,"minecraft:andesite":4,"minecraft:wooden_pickaxe":2,"minecraft:string":1,"minecraft:iron_axe":1,"minecraft:wooden_sword":2,"minecraft:wheat_seeds":4,"minecraft:cobbled_deepslate":9,"minecraft:stone_pickaxe":1,"minecraft:iron_pickaxe":1,"minecraft:melon_slice":45,"minecraft:stick":3,"minecraft:raw_iron":11,"minecraft:torch":1,"minecraft:dripstone_block":4,"minecraft:porkchop":1,"minecraft:pointed_dripstone":29,"minecraft:diorite":6,"minecraft:spider_eye":1,"minecraft:rotten_flesh":8,"minecraft:arrow":2,"minecraft:diamond":11,"minecraft:granite":1,"minecraft:coal":18,"minecraft:cobblestone":25}},"DataVersion":3953}