{"stats":{"minecraft:custom":{"minecraft:interact_with_furnace":7,"minecraft:mob_kills":9,"minecraft:interact_with_crafting_table":8,"minecraft:leave_game":1,"minecraft:time_since_death":61647,"minecraft:climb_one_cm":3057,"minecraft:time_since_rest":61680,"minecraft:sprint_one_cm":35026,"minecraft:damage_taken":918,"minecraft:walk_one_cm":183697,"minecraft:damage_blocked_by_shield":205,"minecraft:drop":41,"minecraft:damage_dealt":2132,"minecraft:swim_one_cm":8803,"minecraft:fly_one_cm":34437,"minecraft:crouch_one_cm":6498,"minecraft:play_time":69350,"minecraft:deaths":1,"minecraft:sneak_time":4783,"minecraft:walk_under_water_one_cm":1535,"minecraft:jump":973,"minecraft:walk_on_water_one_cm":6864,"minecraft:total_world_time":69350,"minecraft:fall_one_cm":31791},"minecraft:dropped":{"minecraft:iron_ingot":4,"minecraft:iron_sword":1,"minecraft:wheat_seeds":1,"minecraft:glow_ink_sac":10,"minecraft:cobbled_deepslate":1,"minecraft:cocoa_beans":1,"minecraft:diamond":6,"minecraft:pointed_dripstone":95,"minecraft:rotten_flesh":6,"minecraft:jungle_planks":7,"minecraft:melon_slice":3,"minecraft:oak_sapling":2,"minecraft:stone_pickaxe":2,"minecraft:wooden_pickaxe":1,"minecraft:iron_pickaxe":1},"minecraft:broken":{"minecraft:wooden_pickaxe":1},"minecraft:killed_by":{"minecraft:player":1},"minecraft:crafted":{"minecraft:wooden_sword":1,"minecraft:crafting_table":3,"minecraft:wooden_pickaxe":2,"minecraft:iron_sword":1,"minecraft:furnace":1,"minecraft:stone_axe":1,"minecraft:jungle_planks":100,"minecraft:shield":1,"minecraft:stick":28,"minecraft:iron_ingot":12,"minecraft:iron_pickaxe":1,"minecraft:stone_pickaxe":1,"minecraft:wooden_axe":1,"minecraft:torch":36},"minecraft:used":{"minecraft:diorite":22,"minecraft:stone_pickaxe":23,"minecraft:shield":7,"minecraft:wooden_pickaxe":59,"minecraft:iron_sword":36,"minecraft:rotten_flesh":4,"minecraft:torch":26,"minecraft:crafting_table":6,"minecraft:spider_eye":1,"minecraft:dripstone_block":7,"minecraft:granite":1,"minecraft:wooden_axe":26,"minecraft:melon_slice":35,"minecraft:iron_pickaxe":48,"minecraft:jungle_log":1,"minecraft:stone_axe":2,"minecraft:wooden_sword":10,"minecraft:cobblestone":25,"minecraft:furnace":1,"minecraft:andesite":4,"minecraft:cobbled_deepslate":13,"minecraft:pointed_dripstone":4},"minecraft:killed":{"minecraft:pig":1,"minecraft:skeleton":2,"minecraft:zombie":6},"minecraft:mined":{"minecraft:jungle_leaves":2,"minecraft:crafting_table":4,"minecraft:granite":1,"minecraft:short_grass":15,"minecraft:melon":10,"minecraft:jungle_log":26,"minecraft:cobblestone":4,"minecraft:diorite":23,"minecraft:wall_torch":2,"minecraft:iron_ore":8,"minecraft:andesite":5,"minecraft:deepslate_iron_ore":16,"minecraft:pointed_dripstone":25,"minecraft:coal_ore":18,"minecraft:vine":4,"minecraft:dripstone_block":7,"minecraft:stone":26,"minecraft:oak_leaves":9,"minecraft:deepslate":15,"minecraft:fern":2},"minecraft:picked_up":{"minecraft:wooden_axe":1,"minecraft:cocoa_beans":1,"minecraft:crafting_table":4,"minecraft:wheat":2,"minecraft:glow_ink_sac":10,"minecraft:jungle_log":26,"minecraft:andesite":4,"minecraft:wooden_pickaxe":3,"minecraft:string":1,"minecraft:iron_axe":1,"minecraft:wooden_sword":2,"minecraft:bone":3,"minecraft:wheat_seeds":4,"minecraft:cobbled_deepslate":22,"minecraft:iron_ingot":5,"minecraft:stone_pickaxe":2,"minecraft:iron_pickaxe":2,"minecraft:melon_slice":60,"minecraft:iron_sword":1,"minecraft:stick":12,"minecraft:raw_iron":24,"minecraft:torch":2,"minecraft:dripstone_block":7,"minecraft:jungle_planks":1,"minecraft:porkchop":1,"minecraft:pointed_dripstone":99,"minecraft:diorite":24,"minecraft:spider_eye":1,"minecraft:rotten_flesh":10,"minecraft:arrow":8,"minecraft:diamond":14,"minecraft:granite":1,"minecraft:oak_sapling":2,"minecraft:coal":18,"minecraft:cobblestone":34}},"DataVersion":3953}