{"stats":{"minecraft:dropped":{"minecraft:wheat_seeds":1,"minecraft:cocoa_beans":1,"minecraft:wooden_pickaxe":1},"minecraft:custom":{"minecraft:time_since_rest":13930,"minecraft:sprint_one_cm":29361,"minecraft:damage_taken":353,"minecraft:walk_one_cm":88906,"minecraft:mob_kills":1,"minecraft:drop":3,"minecraft:damage_dealt":474,"minecraft:swim_one_cm":8803,"minecraft:interact_with_crafting_table":2,"minecraft:fly_one_cm":29061,"minecraft:crouch_one_cm":3430,"minecraft:play_time":21600,"minecraft:deaths":1,"minecraft:sneak_time":1812,"minecraft:walk_under_water_one_cm":725,"minecraft:jump":372,"minecraft:walk_on_water_one_cm":1594,"minecraft:time_since_death":13897,"minecraft:climb_one_cm":3057,"minecraft:total_world_time":21600,"minecraft:fall_one_cm":7748},"minecraft:killed_by":{"minecraft:player":1},"minecraft:crafted":{"minecraft:wooden_sword":1,"minecraft:crafting_table":2,"minecraft:stick":16,"minecraft:wooden_pickaxe":2,"minecraft:wooden_axe":1,"minecraft:torch":36,"minecraft:jungle_planks":100},"minecraft:used":{"minecraft:wooden_axe":26,"minecraft:diorite":3,"minecraft:melon_slice":3,"minecraft:jungle_log":1,"minecraft:wooden_pickaxe":41,"minecraft:rotten_flesh":4,"minecraft:torch":1,"minecraft:wooden_sword":9,"minecraft:cobblestone":9,"minecraft:crafting_table":2,"minecraft:spider_eye":1,"minecraft:granite":1},"minecraft:killed":{"minecraft:pig":1},"minecraft:mined":{"minecraft:jungle_leaves":2,"minecraft:crafting_table":2,"minecraft:granite":1,"minecraft:short_grass":15,"minecraft:coal_ore":18,"minecraft:melon":10,"minecraft:vine":4,"minecraft:jungle_log":26,"minecraft:stone":16,"minecraft:diorite":6,"minecraft:oak_leaves":9,"minecraft:fern":2},"minecraft:picked_up":{"minecraft:wooden_axe":1,"minecraft:cocoa_beans":1,"minecraft:stick":3,"minecraft:crafting_table":1,"minecraft:wheat":2,"minecraft:jungle_log":26,"minecraft:wooden_pickaxe":2,"minecraft:porkchop":1,"minecraft:diorite":6,"minecraft:spider_eye":1,"minecraft:string":1,"minecraft:iron_axe":1,"minecraft:wooden_sword":2,"minecraft:arrow":2,"minecraft:rotten_flesh":4,"minecraft:wheat_seeds":4,"minecraft:granite":1,"minecraft:stone_pickaxe":1,"minecraft:iron_pickaxe":1,"minecraft:melon_slice":44,"minecraft:coal":18,"minecraft:cobblestone":17}},"DataVersion":3953}