{"stats":{"minecraft:picked_up":{"minecraft:crafting_table":1,"minecraft:stick":14,"minecraft:jungle_log":9,"minecraft:cartography_table":1,"minecraft:wheat_seeds":10,"minecraft:green_bed":1,"minecraft:coal":11,"minecraft:oak_sapling":2,"minecraft:dirt":1,"minecraft:cobblestone":42},"minecraft:crafted":{"minecraft:stone_sword":1,"minecraft:stone_axe":1,"minecraft:crafting_table":1,"minecraft:stone_pickaxe":1,"minecraft:wooden_pickaxe":1,"minecraft:jungle_planks":36},"minecraft:mined":{"minecraft:grass_block":1,"minecraft:coal_ore":11,"minecraft:vine":3,"minecraft:jungle_log":9,"minecraft:dead_bush":16,"minecraft:wheat":11,"minecraft:cartography_table":1,"minecraft:stone":42,"minecraft:crafting_table":1,"minecraft:oak_leaves":1,"minecraft:green_bed":1},"minecraft:used":{"minecraft:stone_axe":3,"minecraft:stone_sword":16,"minecraft:crafting_table":1,"minecraft:stone_pickaxe":50,"minecraft:wooden_pickaxe":3},"minecraft:custom":{"minecraft:time_since_rest":11430,"minecraft:crouch_one_cm":3966,"minecraft:play_time":11430,"minecraft:sprint_one_cm":21458,"minecraft:damage_taken":80,"minecraft:walk_one_cm":19237,"minecraft:sneak_time":1198,"minecraft:jump":209,"minecraft:damage_dealt":243,"minecraft:time_since_death":11430,"minecraft:player_kills":1,"minecraft:total_world_time":11430,"minecraft:climb_one_cm":371,"minecraft:interact_with_crafting_table":4,"minecraft:fall_one_cm":7829,"minecraft:fly_one_cm":52907}},"DataVersion":3953}