{"stats":{"minecraft:picked_up":{"minecraft:stick":14,"minecraft:crafting_table":3,"minecraft:sandstone":16,"minecraft:wheat":2,"minecraft:jungle_log":9,"minecraft:green_bed":1,"minecraft:carrot":107,"minecraft:string":1,"minecraft:dirt":2,"minecraft:smooth_sandstone":1,"minecraft:rotten_flesh":13,"minecraft:beetroot":9,"minecraft:beetroot_seeds":26,"minecraft:wheat_seeds":19,"minecraft:cartography_table":1,"minecraft:oak_sapling":2,"minecraft:melon_seeds":1,"minecraft:coal":14,"minecraft:bone_block":22,"minecraft:cobblestone":49},"minecraft:dropped":{"minecraft:cobblestone":12,"minecraft:sandstone":16,"minecraft:bone_meal":31,"minecraft:jungle_planks":15,"minecraft:smooth_sandstone":1,"minecraft:coal":6,"minecraft:stick":5,"minecraft:carrot":16},"minecraft:crafted":{"minecraft:crafting_table":1,"minecraft:stick":4,"minecraft:wooden_pickaxe":1,"minecraft:stone_pickaxe":1,"minecraft:stone_sword":1,"minecraft:bone_meal":198,"minecraft:torch":24,"minecraft:stone_axe":1,"minecraft:bread":2,"minecraft:jungle_planks":36},"minecraft:mined":{"minecraft:carrots":30,"minecraft:melon_stem":1,"minecraft:wheat":16,"minecraft:smooth_sandstone":1,"minecraft:crafting_table":3,"minecraft:grass_block":1,"minecraft:coal_ore":14,"minecraft:beetroots":9,"minecraft:vine":3,"minecraft:jungle_log":9,"minecraft:dead_bush":17,"minecraft:dirt":1,"minecraft:bone_block":22,"minecraft:stone":49,"minecraft:cartography_table":1,"minecraft:sandstone":16,"minecraft:oak_leaves":1,"minecraft:green_bed":1},"minecraft:used":{"minecraft:beetroot":9,"minecraft:stone_sword":42,"minecraft:stone_pickaxe":99,"minecraft:wooden_pickaxe":3,"minecraft:stone_axe":8,"minecraft:torch":14,"minecraft:dirt":1,"minecraft:cobblestone":18,"minecraft:crafting_table":3,"minecraft:beetroot_seeds":8,"minecraft:carrot":34,"minecraft:bone_meal":99},"minecraft:custom":{"minecraft:time_since_rest":10736,"minecraft:sprint_one_cm":40563,"minecraft:damage_taken":220,"minecraft:walk_one_cm":75726,"minecraft:mob_kills":7,"minecraft:drop":8,"minecraft:damage_dealt":1068,"minecraft:swim_one_cm":1040,"minecraft:talked_to_villager":1,"minecraft:fly_one_cm":74004,"minecraft:interact_with_crafting_table":6,"minecraft:player_kills":1,"minecraft:walk_under_water_one_cm":169,"minecraft:open_chest":2,"minecraft:crouch_one_cm":7012,"minecraft:play_time":23430,"minecraft:sneak_time":2525,"minecraft:jump":370,"minecraft:walk_on_water_one_cm":187,"minecraft:time_since_death":23430,"minecraft:sleep_in_bed":1,"minecraft:climb_one_cm":371,"minecraft:total_world_time":23430,"minecraft:fall_one_cm":13546},"minecraft:killed":{"minecraft:husk":1,"minecraft:zombie":1,"minecraft:spider":1}},"DataVersion":3953}