{"stats":{"minecraft:killed_by":{"minecraft:enderman":1},"minecraft:picked_up":{"minecraft:cocoa_beans":9,"minecraft:crafting_table":5,"minecraft:wheat":4,"minecraft:jungle_log":9,"minecraft:wooden_pickaxe":1,"minecraft:dirt":5,"minecraft:string":4,"minecraft:smooth_sandstone":1,"minecraft:beetroot":9,"minecraft:wheat_seeds":42,"minecraft:cartography_table":1,"minecraft:cobbled_deepslate":6,"minecraft:iron_ingot":2,"minecraft:stone_pickaxe":1,"minecraft:furnace":2,"minecraft:stick":16,"minecraft:raw_iron":13,"minecraft:sandstone":16,"minecraft:pumpkin":3,"minecraft:green_bed":2,"minecraft:jungle_planks":38,"minecraft:carrot":145,"minecraft:stone_sword":1,"minecraft:rotten_flesh":26,"minecraft:stone_axe":1,"minecraft:beetroot_seeds":44,"minecraft:bone_meal":68,"minecraft:bread":2,"minecraft:oak_sapling":4,"minecraft:melon_seeds":2,"minecraft:coal":25,"minecraft:bone_block":22,"minecraft:cobblestone":65},"minecraft:dropped":{"minecraft:cobblestone":12,"minecraft:jungle_planks":15,"minecraft:carrot":16,"minecraft:coal":6,"minecraft:stick":5,"minecraft:shield":1,"minecraft:bone_meal":31,"minecraft:sandstone":16,"minecraft:smooth_sandstone":1},"minecraft:crafted":{"minecraft:crafting_table":1,"minecraft:wooden_pickaxe":1,"minecraft:iron_sword":1,"minecraft:furnace":1,"minecraft:bone_meal":198,"minecraft:stone_axe":1,"minecraft:air":0,"minecraft:bread":2,"minecraft:jungle_planks":36,"minecraft:shield":2,"minecraft:stick":12,"minecraft:iron_ingot":9,"minecraft:iron_pickaxe":1,"minecraft:stone_pickaxe":1,"minecraft:stone_sword":1,"minecraft:torch":32},"minecraft:mined":{"minecraft:melon_stem":1,"minecraft:smooth_sandstone":1,"minecraft:crafting_table":4,"minecraft:grass_block":1,"minecraft:jungle_log":9,"minecraft:dead_bush":17,"minecraft:cartography_table":1,"minecraft:sandstone":16,"minecraft:furnace":2,"minecraft:carrots":30,"minecraft:iron_ore":4,"minecraft:wheat":16,"minecraft:deepslate_iron_ore":5,"minecraft:coal_ore":14,"minecraft:vine":3,"minecraft:beetroots":9,"minecraft:dirt":1,"minecraft:stone":51,"minecraft:bone_block":22,"minecraft:deepslate":5,"minecraft:oak_leaves":1,"minecraft:green_bed":1},"minecraft:used":{"minecraft:beetroot":9,"minecraft:stone_sword":52,"minecraft:stone_pickaxe":113,"minecraft:wooden_pickaxe":4,"minecraft:torch":23,"minecraft:dirt":1,"minecraft:crafting_table":4,"minecraft:carrot":38,"minecraft:iron_pickaxe":3,"minecraft:stone_axe":9,"minecraft:cobblestone":28,"minecraft:furnace":1,"minecraft:beetroot_seeds":8,"minecraft:bone_meal":99},"minecraft:custom":{"minecraft:interact_with_furnace":17,"minecraft:mob_kills":9,"minecraft:interact_with_crafting_table":13,"minecraft:time_since_death":11127,"minecraft:sleep_in_bed":1,"minecraft:climb_one_cm":371,"minecraft:time_since_rest":11197,"minecraft:sprint_one_cm":55984,"minecraft:damage_taken":540,"minecraft:walk_one_cm":95991,"minecraft:drop":9,"minecraft:damage_dealt":1522,"minecraft:swim_one_cm":1926,"minecraft:talked_to_villager":1,"minecraft:fly_one_cm":114163,"minecraft:player_kills":1,"minecraft:open_chest":2,"minecraft:crouch_one_cm":9849,"minecraft:play_time":35430,"minecraft:deaths":1,"minecraft:sneak_time":3562,"minecraft:walk_under_water_one_cm":321,"minecraft:jump":555,"minecraft:walk_on_water_one_cm":331,"minecraft:total_world_time":35430,"minecraft:fall_one_cm":21239},"minecraft:killed":{"minecraft:husk":1,"minecraft:spider":2,"minecraft:skeleton":1,"minecraft:zombie":1}},"DataVersion":3953}