{"stats":{"minecraft:killed_by":{"minecraft:enderman":1},"minecraft:picked_up":{"minecraft:cocoa_beans":9,"minecraft:crafting_table":5,"minecraft:wheat":4,"minecraft:jungle_log":9,"minecraft:wooden_pickaxe":1,"minecraft:lapis_lazuli":21,"minecraft:dirt":5,"minecraft:string":6,"minecraft:smooth_sandstone":1,"minecraft:bone":1,"minecraft:beetroot":9,"minecraft:wheat_seeds":65,"minecraft:cartography_table":1,"minecraft:cobbled_deepslate":9,"minecraft:raw_gold":5,"minecraft:iron_ingot":2,"minecraft:stone_pickaxe":1,"minecraft:furnace":2,"minecraft:stick":16,"minecraft:raw_iron":18,"minecraft:sandstone":16,"minecraft:pumpkin":3,"minecraft:torch":1,"minecraft:green_bed":2,"minecraft:jungle_planks":38,"minecraft:carrot":145,"minecraft:spider_eye":1,"minecraft:arrow":2,"minecraft:stone_sword":1,"minecraft:rotten_flesh":26,"minecraft:diamond":6,"minecraft:stone_axe":1,"minecraft:beetroot_seeds":44,"minecraft:bone_meal":68,"minecraft:bread":2,"minecraft:oak_sapling":4,"minecraft:melon_seeds":2,"minecraft:coal":25,"minecraft:bone_block":22,"minecraft:cobblestone":82},"minecraft:dropped":{"minecraft:wheat_seeds":46,"minecraft:diamond":3,"minecraft:rotten_flesh":13,"minecraft:cobblestone":12,"minecraft:jungle_planks":26,"minecraft:pumpkin_seeds":3,"minecraft:carrot":16,"minecraft:coal":6,"minecraft:golden_apple":1,"minecraft:stick":5,"minecraft:dirt":3,"minecraft:shield":1,"minecraft:torch":6,"minecraft:beetroot_seeds":18,"minecraft:bone_meal":31,"minecraft:sandstone":16,"minecraft:smooth_sandstone":1},"minecraft:crafted":{"minecraft:crafting_table":1,"minecraft:wooden_pickaxe":1,"minecraft:iron_sword":1,"minecraft:furnace":1,"minecraft:bone_meal":198,"minecraft:stone_axe":1,"minecraft:air":0,"minecraft:bread":2,"minecraft:jungle_planks":36,"minecraft:diamond_pickaxe":1,"minecraft:shield":2,"minecraft:stick":12,"minecraft:iron_ingot":9,"minecraft:iron_pickaxe":1,"minecraft:stone_pickaxe":1,"minecraft:stone_sword":1,"minecraft:torch":44},"minecraft:mined":{"minecraft:deepslate_diamond_ore":6,"minecraft:melon_stem":1,"minecraft:smooth_sandstone":1,"minecraft:crafting_table":4,"minecraft:grass_block":1,"minecraft:jungle_log":9,"minecraft:dead_bush":17,"minecraft:cobblestone":2,"minecraft:deepslate_gold_ore":5,"minecraft:cartography_table":1,"minecraft:sandstone":16,"minecraft:wall_torch":1,"minecraft:furnace":2,"minecraft:carrots":30,"minecraft:iron_ore":9,"minecraft:wheat":16,"minecraft:deepslate_lapis_ore":8,"minecraft:deepslate_iron_ore":5,"minecraft:coal_ore":14,"minecraft:vine":3,"minecraft:beetroots":9,"minecraft:dirt":1,"minecraft:stone":60,"minecraft:bone_block":22,"minecraft:deepslate":11,"minecraft:oak_leaves":1,"minecraft:green_bed":1},"minecraft:used":{"minecraft:beetroot":9,"minecraft:stone_sword":52,"minecraft:stone_pickaxe":113,"minecraft:shield":4,"minecraft:wooden_pickaxe":4,"minecraft:iron_sword":19,"minecraft:torch":31,"minecraft:dirt":1,"minecraft:crafting_table":5,"minecraft:carrot":41,"minecraft:diamond_pickaxe":12,"minecraft:iron_pickaxe":32,"minecraft:stone_axe":9,"minecraft:cobblestone":37,"minecraft:furnace":1,"minecraft:beetroot_seeds":8,"minecraft:cobbled_deepslate":9,"minecraft:bone_meal":99},"minecraft:custom":{"minecraft:interact_with_furnace":17,"minecraft:mob_kills":16,"minecraft:interact_with_crafting_table":14,"minecraft:time_since_death":23127,"minecraft:sleep_in_bed":1,"minecraft:climb_one_cm":371,"minecraft:time_since_rest":23197,"minecraft:sprint_one_cm":58775,"minecraft:damage_taken":728,"minecraft:walk_one_cm":125749,"minecraft:damage_blocked_by_shield":105,"minecraft:drop":19,"minecraft:damage_dealt":2390,"minecraft:swim_one_cm":1926,"minecraft:talked_to_villager":1,"minecraft:fly_one_cm":115721,"minecraft:player_kills":1,"minecraft:open_chest":5,"minecraft:crouch_one_cm":12577,"minecraft:play_time":47430,"minecraft:deaths":1,"minecraft:sneak_time":4911,"minecraft:walk_under_water_one_cm":321,"minecraft:jump":681,"minecraft:walk_on_water_one_cm":331,"minecraft:total_world_time":47430,"minecraft:fall_one_cm":21775},"minecraft:killed":{"minecraft:husk":1,"minecraft:spider":7,"minecraft:skeleton":3,"minecraft:zombie":1}},"DataVersion":3953}