{"stats":{"minecraft:picked_up":{"minecraft:cocoa_beans":9,"minecraft:crafting_table":2,"minecraft:wheat":2,"minecraft:jungle_log":5,"minecraft:wooden_pickaxe":1,"minecraft:shield":1,"minecraft:lapis_lazuli":37,"minecraft:string":12,"minecraft:dirt":3,"minecraft:bone":5,"minecraft:wheat_seeds":46,"minecraft:cartography_table":1,"minecraft:cobbled_deepslate":75,"minecraft:stone_pickaxe":1,"minecraft:stick":5,"minecraft:raw_iron":26,"minecraft:pumpkin":3,"minecraft:torch":16,"minecraft:green_bed":1,"minecraft:jungle_planks":38,"minecraft:diorite":3,"minecraft:carrot":118,"minecraft:redstone":13,"minecraft:spider_eye":6,"minecraft:stone_sword":1,"minecraft:arrow":5,"minecraft:rotten_flesh":13,"minecraft:diamond":4,"minecraft:stone_axe":1,"minecraft:beetroot_seeds":18,"minecraft:bone_meal":99,"minecraft:golden_apple":1,"minecraft:bread":2,"minecraft:oak_sapling":2,"minecraft:melon_seeds":1,"minecraft:coal":29,"minecraft:cobblestone":29},"minecraft:dropped":{"minecraft:iron_ingot":2,"minecraft:bread":2,"minecraft:stone_axe":1,"minecraft:wheat_seeds":23,"minecraft:stone_sword":1,"minecraft:cobbled_deepslate":1,"minecraft:cocoa_beans":9,"minecraft:diamond":1,"minecraft:crafting_table":1,"minecraft:green_bed":1,"minecraft:wheat":2,"minecraft:raw_iron":4,"minecraft:cobblestone":14,"minecraft:rotten_flesh":13,"minecraft:jungle_planks":38,"minecraft:carrot":38,"minecraft:coal":8,"minecraft:stick":2,"minecraft:dirt":3,"minecraft:beetroot_seeds":18,"minecraft:melon_seeds":1,"minecraft:oak_sapling":2,"minecraft:bone_meal":68,"minecraft:pumpkin":3,"minecraft:stone_pickaxe":1,"minecraft:wooden_pickaxe":1,"minecraft:string":1},"minecraft:crafted":{"minecraft:crafting_table":1,"minecraft:wooden_pickaxe":1,"minecraft:furnace":1,"minecraft:stone_axe":1,"minecraft:air":0,"minecraft:jungle_planks":20,"minecraft:diamond_pickaxe":1,"minecraft:stick":8,"minecraft:iron_ingot":2,"minecraft:stone_pickaxe":1,"minecraft:stone_sword":1,"minecraft:torch":8},"minecraft:mined":{"minecraft:deepslate_redstone_ore":3,"minecraft:crafting_table":1,"minecraft:short_grass":3,"minecraft:grass_block":2,"minecraft:jungle_log":5,"minecraft:cobblestone":1,"minecraft:diorite":3,"minecraft:wall_torch":1,"minecraft:carrots":14,"minecraft:iron_ore":8,"minecraft:coal_ore":21,"minecraft:deepslate_iron_ore":16,"minecraft:vine":1,"minecraft:stone":17,"minecraft:deepslate":74},"minecraft:used":{"minecraft:stone_sword":76,"minecraft:stone_pickaxe":81,"minecraft:shield":3,"minecraft:wooden_pickaxe":7,"minecraft:torch":23,"minecraft:crafting_table":1,"minecraft:carrot":29,"minecraft:diamond_pickaxe":56,"minecraft:furnace":1,"minecraft:cobbled_deepslate":30,"minecraft:bone_meal":31},"minecraft:custom":{"minecraft:interact_with_furnace":4,"minecraft:mob_kills":18,"minecraft:interact_with_crafting_table":7,"minecraft:time_since_death":31340,"minecraft:time_since_rest":31340,"minecraft:sprint_one_cm":74498,"minecraft:damage_taken":465,"minecraft:walk_one_cm":80913,"minecraft:damage_blocked_by_shield":80,"minecraft:drop":29,"minecraft:damage_dealt":3070,"minecraft:swim_one_cm":1254,"minecraft:fly_one_cm":61609,"minecraft:open_chest":3,"minecraft:play_time":31340,"minecraft:walk_under_water_one_cm":168,"minecraft:jump":473,"minecraft:walk_on_water_one_cm":102,"minecraft:total_world_time":31340,"minecraft:fall_one_cm":11623},"minecraft:killed":{"minecraft:spider":15,"minecraft:skeleton":2}},"DataVersion":3953}