{"stats":{"minecraft:picked_up":{"minecraft:stick":5,"minecraft:jungle_log":5,"minecraft:wheat_seeds":1,"minecraft:jungle_planks":15,"minecraft:bone_meal":31,"minecraft:carrot":61,"minecraft:coal":6,"minecraft:dirt":2,"minecraft:cobblestone":12},"minecraft:crafted":{"minecraft:stone_sword":1,"minecraft:stone_axe":1,"minecraft:crafting_table":1,"minecraft:stick":4,"minecraft:stone_pickaxe":1,"minecraft:jungle_planks":20,"minecraft:wooden_pickaxe":1},"minecraft:mined":{"minecraft:short_grass":3,"minecraft:grass_block":2,"minecraft:vine":1,"minecraft:jungle_log":5,"minecraft:carrots":14},"minecraft:used":{"minecraft:crafting_table":1,"minecraft:carrot":16,"minecraft:bone_meal":31},"minecraft:custom":{"minecraft:time_since_rest":7340,"minecraft:open_chest":1,"minecraft:play_time":7340,"minecraft:sprint_one_cm":24493,"minecraft:damage_taken":60,"minecraft:walk_one_cm":8679,"minecraft:walk_under_water_one_cm":168,"minecraft:jump":152,"minecraft:walk_on_water_one_cm":102,"minecraft:time_since_death":7340,"minecraft:total_world_time":7340,"minecraft:swim_one_cm":1254,"minecraft:interact_with_crafting_table":3,"minecraft:fall_one_cm":7255,"minecraft:fly_one_cm":45281}},"DataVersion":3953}