{"stats":{"minecraft:picked_up":{"minecraft:cocoa_beans":9,"minecraft:crafting_table":1,"minecraft:wheat":2,"minecraft:jungle_log":5,"minecraft:wooden_pickaxe":1,"minecraft:shield":1,"minecraft:string":1,"minecraft:dirt":3,"minecraft:bone":4,"minecraft:wheat_seeds":23,"minecraft:cartography_table":1,"minecraft:cobbled_deepslate":59,"minecraft:stone_pickaxe":1,"minecraft:stick":5,"minecraft:raw_iron":6,"minecraft:pumpkin":3,"minecraft:torch":10,"minecraft:green_bed":1,"minecraft:jungle_planks":27,"minecraft:carrot":118,"minecraft:spider_eye":1,"minecraft:stone_sword":1,"minecraft:arrow":3,"minecraft:rotten_flesh":13,"minecraft:stone_axe":1,"minecraft:beetroot_seeds":18,"minecraft:bone_meal":99,"minecraft:bread":2,"minecraft:oak_sapling":2,"minecraft:melon_seeds":1,"minecraft:coal":8,"minecraft:cobblestone":22},"minecraft:dropped":{"minecraft:iron_ingot":2,"minecraft:bread":2,"minecraft:stone_axe":1,"minecraft:wheat_seeds":23,"minecraft:stone_sword":1,"minecraft:cobbled_deepslate":1,"minecraft:cocoa_beans":9,"minecraft:crafting_table":1,"minecraft:green_bed":1,"minecraft:wheat":2,"minecraft:raw_iron":4,"minecraft:cobblestone":14,"minecraft:rotten_flesh":13,"minecraft:jungle_planks":38,"minecraft:carrot":38,"minecraft:coal":8,"minecraft:stick":2,"minecraft:dirt":3,"minecraft:beetroot_seeds":18,"minecraft:melon_seeds":1,"minecraft:oak_sapling":2,"minecraft:bone_meal":68,"minecraft:pumpkin":3,"minecraft:stone_pickaxe":1,"minecraft:wooden_pickaxe":1,"minecraft:string":1},"minecraft:crafted":{"minecraft:crafting_table":1,"minecraft:wooden_pickaxe":1,"minecraft:furnace":1,"minecraft:stone_axe":1,"minecraft:air":0,"minecraft:jungle_planks":20,"minecraft:stick":4,"minecraft:iron_ingot":2,"minecraft:stone_pickaxe":1,"minecraft:stone_sword":1},"minecraft:mined":{"minecraft:short_grass":3,"minecraft:grass_block":2,"minecraft:jungle_log":5,"minecraft:cobblestone":1,"minecraft:wall_torch":1,"minecraft:carrots":14,"minecraft:deepslate_iron_ore":2,"minecraft:vine":1,"minecraft:stone":7,"minecraft:deepslate":59},"minecraft:used":{"minecraft:stone_sword":4,"minecraft:stone_pickaxe":66,"minecraft:wooden_pickaxe":3,"minecraft:torch":10,"minecraft:crafting_table":1,"minecraft:carrot":20,"minecraft:furnace":1,"minecraft:bone_meal":31},"minecraft:custom":{"minecraft:interact_with_furnace":4,"minecraft:mob_kills":1,"minecraft:interact_with_crafting_table":5,"minecraft:time_since_death":19340,"minecraft:time_since_rest":19340,"minecraft:sprint_one_cm":46992,"minecraft:damage_taken":195,"minecraft:walk_one_cm":36332,"minecraft:drop":28,"minecraft:damage_dealt":105,"minecraft:swim_one_cm":1254,"minecraft:fly_one_cm":55505,"minecraft:open_chest":1,"minecraft:play_time":19340,"minecraft:walk_under_water_one_cm":168,"minecraft:jump":289,"minecraft:walk_on_water_one_cm":102,"minecraft:total_world_time":19340,"minecraft:fall_one_cm":10460},"minecraft:killed":{"minecraft:skeleton":1}},"DataVersion":3953}