{"stats":{"minecraft:killed_by":{"minecraft:player":1},"minecraft:picked_up":{"minecraft:crafting_table":5,"minecraft:andesite":3,"minecraft:jungle_log":10,"minecraft:salmon":4,"minecraft:wooden_pickaxe":1,"minecraft:flint":9,"minecraft:tuff":3,"minecraft:oak_log":10,"minecraft:dirt":31,"minecraft:string":1,"minecraft:iron_shovel":1,"minecraft:bone":6,"minecraft:bow":2,"minecraft:wheat_seeds":11,"minecraft:cobbled_deepslate":45,"minecraft:raw_gold":4,"minecraft:iron_ingot":6,"minecraft:bamboo":15,"minecraft:sugar_cane":6,"minecraft:melon_slice":65,"minecraft:furnace":4,"minecraft:raw_iron":64,"minecraft:oak_door":6,"minecraft:torch":12,"minecraft:dripstone_block":2,"minecraft:gravel":41,"minecraft:diorite":25,"minecraft:rotten_flesh":4,"minecraft:arrow":7,"minecraft:diamond":17,"minecraft:granite":1,"minecraft:melon_seeds":2,"minecraft:coal":39,"minecraft:cobblestone":99},"minecraft:dropped":{"minecraft:iron_ingot":8,"minecraft:diamond":9,"minecraft:raw_iron":2,"minecraft:flint":9,"minecraft:diorite":12,"minecraft:iron_chestplate":1,"minecraft:diamond_pickaxe":1,"minecraft:melon_seeds":2,"minecraft:wooden_pickaxe":2,"minecraft:string":1},"minecraft:crafted":{"minecraft:oak_door":3,"minecraft:oak_planks":40,"minecraft:cooked_porkchop":1,"minecraft:crafting_table":4,"minecraft:iron_helmet":1,"minecraft:wooden_pickaxe":1,"minecraft:iron_sword":1,"minecraft:furnace":3,"minecraft:cooked_salmon":4,"minecraft:bucket":1,"minecraft:bone_meal":6,"minecraft:stone_axe":1,"minecraft:air":0,"minecraft:jungle_planks":40,"minecraft:oak_boat":1,"minecraft:iron_boots":1,"minecraft:iron_chestplate":2,"minecraft:diamond_pickaxe":1,"minecraft:shield":1,"minecraft:iron_axe":1,"minecraft:stick":32,"minecraft:iron_ingot":53,"minecraft:iron_pickaxe":2,"minecraft:stone_pickaxe":1,"minecraft:iron_leggings":1,"minecraft:torch":68},"minecraft:mined":{"minecraft:tuff":2,"minecraft:deepslate_diamond_ore":15,"minecraft:oak_door":6,"minecraft:crafting_table":5,"minecraft:torch":1,"minecraft:granite":1,"minecraft:short_grass":29,"minecraft:grass_block":7,"minecraft:melon":11,"minecraft:jungle_log":10,"minecraft:dead_bush":1,"minecraft:tall_grass":6,"minecraft:cobblestone":2,"minecraft:deepslate_gold_ore":4,"minecraft:sugar_cane":4,"minecraft:diorite":24,"minecraft:wall_torch":12,"minecraft:furnace":4,"minecraft:iron_ore":28,"minecraft:andesite":4,"minecraft:oak_log":10,"minecraft:coal_ore":42,"minecraft:deepslate_iron_ore":17,"minecraft:vine":4,"minecraft:gravel":51,"minecraft:dirt":26,"minecraft:dripstone_block":4,"minecraft:sand":1,"minecraft:bamboo":1,"minecraft:stone":93,"minecraft:deepslate":53,"minecraft:fern":2},"minecraft:used":{"minecraft:water_bucket":2,"minecraft:diorite":13,"minecraft:iron_shovel":51,"minecraft:stone_pickaxe":60,"minecraft:oak_planks":2,"minecraft:wooden_pickaxe":16,"minecraft:shield":24,"minecraft:iron_sword":42,"minecraft:cooked_salmon":4,"minecraft:rotten_flesh":1,"minecraft:iron_chestplate":1,"minecraft:oak_door":6,"minecraft:torch":77,"minecraft:dirt":30,"minecraft:crafting_table":8,"minecraft:jungle_planks":1,"minecraft:tuff":3,"minecraft:granite":1,"minecraft:diamond_pickaxe":9,"minecraft:iron_axe":7,"minecraft:melon_slice":65,"minecraft:iron_pickaxe":217,"minecraft:iron_helmet":1,"minecraft:iron_boots":1,"minecraft:gravel":41,"minecraft:bamboo":1,"minecraft:stone_axe":67,"minecraft:bow":2,"minecraft:cobblestone":67,"minecraft:furnace":5,"minecraft:cooked_porkchop":1,"minecraft:bucket":3,"minecraft:oak_boat":1,"minecraft:cobbled_deepslate":40,"minecraft:iron_leggings":1},"minecraft:custom":{"minecraft:interact_with_furnace":52,"minecraft:mob_kills":24,"minecraft:interact_with_crafting_table":24,"minecraft:bell_ring":2,"minecraft:leave_game":1,"minecraft:time_since_death":86946,"minecraft:climb_one_cm":5551,"minecraft:time_since_rest":86978,"minecraft:sprint_one_cm":186073,"minecraft:damage_taken":1347,"minecraft:walk_one_cm":123201,"minecraft:damage_blocked_by_shield":793,"minecraft:drop":32,"minecraft:damage_dealt":4785,"minecraft:swim_one_cm":83658,"minecraft:talked_to_villager":1,"minecraft:fly_one_cm":420972,"minecraft:open_chest":5,"minecraft:crouch_one_cm":12512,"minecraft:play_time":87887,"minecraft:deaths":1,"minecraft:sneak_time":5056,"minecraft:walk_under_water_one_cm":28801,"minecraft:boat_one_cm":194531,"minecraft:jump":2672,"minecraft:interact_with_blast_furnace":1,"minecraft:walk_on_water_one_cm":22781,"minecraft:total_world_time":87887,"minecraft:fall_one_cm":74812},"minecraft:killed":{"minecraft:salmon":4,"minecraft:iron_golem":1,"minecraft:spider":1,"minecraft:skeleton":13,"minecraft:zombie":5}},"DataVersion":3953}