{"stats":{"minecraft:dropped":{"minecraft:wooden_pickaxe":1},"minecraft:custom":{"minecraft:time_since_rest":4792,"minecraft:sprint_one_cm":9748,"minecraft:damage_taken":378,"minecraft:walk_one_cm":7287,"minecraft:drop":1,"minecraft:damage_dealt":58,"minecraft:interact_with_crafting_table":2,"minecraft:fly_one_cm":40951,"minecraft:crouch_one_cm":556,"minecraft:play_time":5701,"minecraft:deaths":1,"minecraft:sneak_time":246,"minecraft:jump":156,"minecraft:time_since_death":4760,"minecraft:climb_one_cm":16,"minecraft:total_world_time":5701,"minecraft:fall_one_cm":7161},"minecraft:killed_by":{"minecraft:player":1},"minecraft:crafted":{"minecraft:oak_planks":4,"minecraft:crafting_table":2,"minecraft:stick":8,"minecraft:wooden_pickaxe":1,"minecraft:stone_pickaxe":1,"minecraft:stone_axe":1,"minecraft:jungle_planks":12},"minecraft:used":{"minecraft:stone_pickaxe":9,"minecraft:wooden_pickaxe":16,"minecraft:stone_axe":9,"minecraft:dirt":5,"minecraft:crafting_table":2},"minecraft:mined":{"minecraft:short_grass":20,"minecraft:grass_block":2,"minecraft:oak_log":10,"minecraft:coal_ore":9,"minecraft:vine":2,"minecraft:jungle_log":3,"minecraft:dead_bush":1,"minecraft:dirt":9,"minecraft:tall_grass":6,"minecraft:stone":16,"minecraft:fern":1},"minecraft:picked_up":{"minecraft:jungle_log":3,"minecraft:wooden_pickaxe":1,"minecraft:oak_log":10,"minecraft:dirt":10,"minecraft:wheat_seeds":3,"minecraft:coal":6,"minecraft:cobblestone":16}},"DataVersion":3953}