{"stats":{"minecraft:killed_by":{"minecraft:player":1},"minecraft:picked_up":{"minecraft:crafting_table":3,"minecraft:jungle_log":10,"minecraft:salmon":4,"minecraft:wooden_pickaxe":1,"minecraft:flint":9,"minecraft:tuff":3,"minecraft:oak_log":10,"minecraft:dirt":31,"minecraft:string":1,"minecraft:iron_shovel":1,"minecraft:bone":2,"minecraft:wheat_seeds":11,"minecraft:cobbled_deepslate":40,"minecraft:iron_ingot":6,"minecraft:bamboo":15,"minecraft:sugar_cane":6,"minecraft:melon_slice":65,"minecraft:furnace":2,"minecraft:raw_iron":12,"minecraft:oak_door":6,"minecraft:torch":12,"minecraft:dripstone_block":2,"minecraft:gravel":41,"minecraft:diorite":25,"minecraft:arrow":1,"minecraft:diamond":12,"minecraft:granite":1,"minecraft:melon_seeds":2,"minecraft:coal":23,"minecraft:cobblestone":81},"minecraft:dropped":{"minecraft:iron_ingot":8,"minecraft:diamond":9,"minecraft:raw_iron":2,"minecraft:flint":9,"minecraft:diorite":12,"minecraft:diamond_pickaxe":1,"minecraft:melon_seeds":2,"minecraft:wooden_pickaxe":2},"minecraft:crafted":{"minecraft:oak_door":3,"minecraft:oak_planks":40,"minecraft:cooked_porkchop":1,"minecraft:crafting_table":3,"minecraft:wooden_pickaxe":1,"minecraft:furnace":1,"minecraft:cooked_salmon":4,"minecraft:stone_axe":1,"minecraft:air":0,"minecraft:jungle_planks":40,"minecraft:oak_boat":1,"minecraft:diamond_pickaxe":1,"minecraft:shield":1,"minecraft:iron_axe":1,"minecraft:stick":28,"minecraft:iron_ingot":10,"minecraft:iron_pickaxe":1,"minecraft:stone_pickaxe":1,"minecraft:torch":52},"minecraft:mined":{"minecraft:tuff":2,"minecraft:deepslate_diamond_ore":11,"minecraft:oak_door":6,"minecraft:crafting_table":3,"minecraft:torch":1,"minecraft:granite":1,"minecraft:short_grass":29,"minecraft:grass_block":7,"minecraft:melon":11,"minecraft:jungle_log":10,"minecraft:dead_bush":1,"minecraft:tall_grass":6,"minecraft:cobblestone":2,"minecraft:sugar_cane":4,"minecraft:diorite":24,"minecraft:wall_torch":12,"minecraft:furnace":2,"minecraft:iron_ore":10,"minecraft:andesite":4,"minecraft:oak_log":10,"minecraft:coal_ore":26,"minecraft:deepslate_iron_ore":5,"minecraft:vine":4,"minecraft:gravel":51,"minecraft:dirt":26,"minecraft:dripstone_block":4,"minecraft:sand":1,"minecraft:bamboo":1,"minecraft:stone":75,"minecraft:deepslate":51,"minecraft:fern":2},"minecraft:used":{"minecraft:diorite":12,"minecraft:iron_shovel":51,"minecraft:stone_pickaxe":60,"minecraft:oak_planks":2,"minecraft:wooden_pickaxe":16,"minecraft:shield":7,"minecraft:cooked_salmon":4,"minecraft:oak_door":6,"minecraft:torch":40,"minecraft:dirt":30,"minecraft:crafting_table":6,"minecraft:jungle_planks":1,"minecraft:tuff":3,"minecraft:granite":1,"minecraft:diamond_pickaxe":9,"minecraft:iron_axe":1,"minecraft:melon_slice":43,"minecraft:iron_pickaxe":141,"minecraft:gravel":35,"minecraft:bamboo":1,"minecraft:stone_axe":67,"minecraft:cobblestone":67,"minecraft:furnace":3,"minecraft:cooked_porkchop":1,"minecraft:oak_boat":1,"minecraft:cobbled_deepslate":40},"minecraft:custom":{"minecraft:interact_with_furnace":15,"minecraft:mob_kills":10,"minecraft:interact_with_crafting_table":14,"minecraft:bell_ring":2,"minecraft:leave_game":1,"minecraft:time_since_death":68946,"minecraft:climb_one_cm":5551,"minecraft:time_since_rest":68978,"minecraft:sprint_one_cm":138271,"minecraft:damage_taken":1048,"minecraft:walk_one_cm":88467,"minecraft:damage_blocked_by_shield":227,"minecraft:drop":30,"minecraft:damage_dealt":2155,"minecraft:swim_one_cm":83658,"minecraft:talked_to_villager":1,"minecraft:fly_one_cm":327929,"minecraft:open_chest":5,"minecraft:crouch_one_cm":9649,"minecraft:play_time":69887,"minecraft:deaths":1,"minecraft:sneak_time":4177,"minecraft:walk_under_water_one_cm":25985,"minecraft:boat_one_cm":194531,"minecraft:jump":2105,"minecraft:interact_with_blast_furnace":1,"minecraft:walk_on_water_one_cm":17687,"minecraft:total_world_time":69887,"minecraft:fall_one_cm":56649},"minecraft:killed":{"minecraft:salmon":4,"minecraft:iron_golem":1,"minecraft:spider":1,"minecraft:skeleton":3,"minecraft:zombie":1}},"DataVersion":3953}