{"stats":{"minecraft:dropped":{"minecraft:diamond":9,"minecraft:raw_iron":2,"minecraft:diorite":12,"minecraft:diamond_pickaxe":1,"minecraft:wooden_pickaxe":2},"minecraft:custom":{"minecraft:interact_with_furnace":8,"minecraft:mob_kills":6,"minecraft:interact_with_crafting_table":8,"minecraft:time_since_death":28760,"minecraft:climb_one_cm":1876,"minecraft:time_since_rest":28792,"minecraft:sprint_one_cm":45561,"minecraft:damage_taken":663,"minecraft:walk_one_cm":45403,"minecraft:drop":18,"minecraft:damage_dealt":598,"minecraft:swim_one_cm":25315,"minecraft:fly_one_cm":100660,"minecraft:crouch_one_cm":7113,"minecraft:play_time":29701,"minecraft:deaths":1,"minecraft:sneak_time":2920,"minecraft:walk_under_water_one_cm":9348,"minecraft:jump":774,"minecraft:walk_on_water_one_cm":6965,"minecraft:total_world_time":29701,"minecraft:fall_one_cm":21734},"minecraft:killed_by":{"minecraft:player":1},"minecraft:crafted":{"minecraft:oak_planks":40,"minecraft:crafting_table":3,"minecraft:wooden_pickaxe":1,"minecraft:furnace":1,"minecraft:cooked_salmon":4,"minecraft:stone_axe":1,"minecraft:air":0,"minecraft:jungle_planks":40,"minecraft:diamond_pickaxe":1,"minecraft:stick":12,"minecraft:iron_ingot":3,"minecraft:iron_pickaxe":1,"minecraft:stone_pickaxe":1,"minecraft:torch":8},"minecraft:used":{"minecraft:diorite":12,"minecraft:stone_pickaxe":60,"minecraft:wooden_pickaxe":16,"minecraft:cooked_salmon":4,"minecraft:torch":19,"minecraft:dirt":30,"minecraft:crafting_table":3,"minecraft:tuff":3,"minecraft:granite":1,"minecraft:diamond_pickaxe":9,"minecraft:melon_slice":6,"minecraft:iron_pickaxe":112,"minecraft:bamboo":1,"minecraft:stone_axe":43,"minecraft:cobblestone":50,"minecraft:furnace":1,"minecraft:cobbled_deepslate":40},"minecraft:killed":{"minecraft:salmon":4,"minecraft:spider":1,"minecraft:skeleton":1},"minecraft:mined":{"minecraft:tuff":2,"minecraft:deepslate_diamond_ore":11,"minecraft:crafting_table":1,"minecraft:torch":1,"minecraft:granite":1,"minecraft:short_grass":26,"minecraft:grass_block":7,"minecraft:melon":11,"minecraft:jungle_log":10,"minecraft:dead_bush":1,"minecraft:tall_grass":6,"minecraft:sugar_cane":4,"minecraft:diorite":24,"minecraft:wall_torch":12,"minecraft:furnace":1,"minecraft:iron_ore":7,"minecraft:andesite":4,"minecraft:coal_ore":9,"minecraft:oak_log":10,"minecraft:deepslate_iron_ore":5,"minecraft:vine":4,"minecraft:dripstone_block":4,"minecraft:sand":1,"minecraft:dirt":26,"minecraft:bamboo":1,"minecraft:stone":69,"minecraft:deepslate":51,"minecraft:fern":2},"minecraft:picked_up":{"minecraft:crafting_table":1,"minecraft:jungle_log":10,"minecraft:salmon":4,"minecraft:wooden_pickaxe":1,"minecraft:tuff":3,"minecraft:oak_log":10,"minecraft:string":1,"minecraft:dirt":30,"minecraft:wheat_seeds":6,"minecraft:cobbled_deepslate":40,"minecraft:iron_ingot":2,"minecraft:sugar_cane":6,"minecraft:bamboo":15,"minecraft:melon_slice":65,"minecraft:furnace":1,"minecraft:raw_iron":9,"minecraft:torch":12,"minecraft:dripstone_block":2,"minecraft:diorite":24,"minecraft:arrow":1,"minecraft:diamond":12,"minecraft:granite":1,"minecraft:coal":6,"minecraft:cobblestone":69}},"DataVersion":3953}