{"stats":{"minecraft:dropped":{"minecraft:diorite":12,"minecraft:diamond_pickaxe":1,"minecraft:diamond":9,"minecraft:raw_iron":2,"minecraft:wooden_pickaxe":2},"minecraft:custom":{"minecraft:time_since_rest":16792,"minecraft:interact_with_furnace":4,"minecraft:sprint_one_cm":22125,"minecraft:damage_taken":458,"minecraft:walk_one_cm":25724,"minecraft:drop":18,"minecraft:damage_dealt":58,"minecraft:swim_one_cm":304,"minecraft:interact_with_crafting_table":6,"minecraft:fly_one_cm":52452,"minecraft:crouch_one_cm":2669,"minecraft:play_time":17701,"minecraft:walk_under_water_one_cm":543,"minecraft:deaths":1,"minecraft:sneak_time":1998,"minecraft:jump":438,"minecraft:walk_on_water_one_cm":677,"minecraft:time_since_death":16760,"minecraft:climb_one_cm":576,"minecraft:total_world_time":17701,"minecraft:fall_one_cm":11074},"minecraft:killed_by":{"minecraft:player":1},"minecraft:crafted":{"minecraft:oak_planks":40,"minecraft:diamond_pickaxe":1,"minecraft:crafting_table":2,"minecraft:stick":12,"minecraft:iron_ingot":3,"minecraft:wooden_pickaxe":1,"minecraft:iron_pickaxe":1,"minecraft:stone_pickaxe":1,"minecraft:torch":8,"minecraft:stone_axe":1,"minecraft:air":0,"minecraft:jungle_planks":12},"minecraft:used":{"minecraft:diorite":12,"minecraft:diamond_pickaxe":9,"minecraft:stone_pickaxe":60,"minecraft:iron_pickaxe":83,"minecraft:wooden_pickaxe":16,"minecraft:torch":13,"minecraft:stone_axe":9,"minecraft:cobblestone":19,"minecraft:dirt":6,"minecraft:crafting_table":2,"minecraft:tuff":3,"minecraft:cobbled_deepslate":40},"minecraft:mined":{"minecraft:tuff":2,"minecraft:deepslate_diamond_ore":11,"minecraft:andesite":4,"minecraft:torch":1,"minecraft:granite":1,"minecraft:short_grass":20,"minecraft:grass_block":3,"minecraft:oak_log":10,"minecraft:coal_ore":9,"minecraft:deepslate_iron_ore":5,"minecraft:vine":2,"minecraft:jungle_log":3,"minecraft:dead_bush":1,"minecraft:sand":1,"minecraft:dirt":21,"minecraft:tall_grass":6,"minecraft:stone":56,"minecraft:diorite":24,"minecraft:wall_torch":11,"minecraft:deepslate":51,"minecraft:fern":1},"minecraft:picked_up":{"minecraft:raw_iron":2,"minecraft:jungle_log":3,"minecraft:torch":11,"minecraft:wooden_pickaxe":1,"minecraft:tuff":3,"minecraft:oak_log":10,"minecraft:diorite":24,"minecraft:dirt":21,"minecraft:diamond":12,"minecraft:wheat_seeds":3,"minecraft:cobbled_deepslate":40,"minecraft:granite":1,"minecraft:iron_ingot":2,"minecraft:coal":6,"minecraft:cobblestone":56}},"DataVersion":3953}