{"stats":{"minecraft:custom":{"minecraft:interact_with_furnace":15,"minecraft:mob_kills":9,"minecraft:interact_with_crafting_table":13,"minecraft:leave_game":1,"minecraft:time_since_death":56450,"minecraft:climb_one_cm":5551,"minecraft:time_since_rest":56482,"minecraft:sprint_one_cm":109891,"minecraft:damage_taken":998,"minecraft:walk_one_cm":64528,"minecraft:damage_blocked_by_shield":179,"minecraft:drop":19,"minecraft:damage_dealt":1056,"minecraft:talked_to_villager":1,"minecraft:swim_one_cm":80119,"minecraft:fly_one_cm":262069,"minecraft:open_chest":3,"minecraft:crouch_one_cm":7628,"minecraft:play_time":57391,"minecraft:deaths":1,"minecraft:sneak_time":3484,"minecraft:walk_under_water_one_cm":18944,"minecraft:boat_one_cm":180096,"minecraft:jump":1668,"minecraft:interact_with_blast_furnace":1,"minecraft:walk_on_water_one_cm":12566,"minecraft:total_world_time":57391,"minecraft:fall_one_cm":50277},"minecraft:dropped":{"minecraft:iron_ingot":8,"minecraft:diamond":9,"minecraft:raw_iron":2,"minecraft:diorite":12,"minecraft:diamond_pickaxe":1,"minecraft:wooden_pickaxe":2},"minecraft:killed_by":{"minecraft:player":1},"minecraft:crafted":{"minecraft:oak_door":3,"minecraft:oak_planks":40,"minecraft:cooked_porkchop":1,"minecraft:crafting_table":3,"minecraft:wooden_pickaxe":1,"minecraft:furnace":1,"minecraft:cooked_salmon":4,"minecraft:stone_axe":1,"minecraft:air":0,"minecraft:jungle_planks":40,"minecraft:oak_boat":1,"minecraft:diamond_pickaxe":1,"minecraft:shield":1,"minecraft:stick":20,"minecraft:iron_ingot":10,"minecraft:iron_pickaxe":1,"minecraft:stone_pickaxe":1,"minecraft:torch":20},"minecraft:used":{"minecraft:diorite":12,"minecraft:stone_pickaxe":60,"minecraft:oak_planks":2,"minecraft:shield":6,"minecraft:wooden_pickaxe":16,"minecraft:cooked_salmon":4,"minecraft:oak_door":6,"minecraft:torch":32,"minecraft:dirt":30,"minecraft:crafting_table":6,"minecraft:jungle_planks":1,"minecraft:tuff":3,"minecraft:granite":1,"minecraft:diamond_pickaxe":9,"minecraft:melon_slice":37,"minecraft:iron_pickaxe":129,"minecraft:bamboo":1,"minecraft:stone_axe":57,"minecraft:cobblestone":65,"minecraft:furnace":3,"minecraft:cooked_porkchop":1,"minecraft:oak_boat":1,"minecraft:cobbled_deepslate":40},"minecraft:killed":{"minecraft:salmon":4,"minecraft:spider":1,"minecraft:skeleton":3,"minecraft:zombie":1},"minecraft:mined":{"minecraft:tuff":2,"minecraft:deepslate_diamond_ore":11,"minecraft:oak_door":6,"minecraft:crafting_table":3,"minecraft:torch":1,"minecraft:granite":1,"minecraft:short_grass":29,"minecraft:grass_block":7,"minecraft:melon":11,"minecraft:jungle_log":10,"minecraft:dead_bush":1,"minecraft:tall_grass":6,"minecraft:cobblestone":2,"minecraft:sugar_cane":4,"minecraft:diorite":24,"minecraft:wall_torch":12,"minecraft:furnace":2,"minecraft:iron_ore":10,"minecraft:andesite":4,"minecraft:coal_ore":16,"minecraft:oak_log":10,"minecraft:deepslate_iron_ore":5,"minecraft:vine":4,"minecraft:dripstone_block":4,"minecraft:sand":1,"minecraft:dirt":26,"minecraft:bamboo":1,"minecraft:stone":73,"minecraft:deepslate":51,"minecraft:fern":2},"minecraft:picked_up":{"minecraft:crafting_table":3,"minecraft:jungle_log":10,"minecraft:salmon":4,"minecraft:wooden_pickaxe":1,"minecraft:tuff":3,"minecraft:oak_log":10,"minecraft:string":1,"minecraft:dirt":31,"minecraft:bone":2,"minecraft:wheat_seeds":8,"minecraft:cobbled_deepslate":40,"minecraft:iron_ingot":2,"minecraft:sugar_cane":6,"minecraft:bamboo":15,"minecraft:melon_slice":65,"minecraft:furnace":2,"minecraft:raw_iron":12,"minecraft:oak_door":6,"minecraft:torch":12,"minecraft:dripstone_block":2,"minecraft:diorite":24,"minecraft:arrow":1,"minecraft:diamond":12,"minecraft:granite":1,"minecraft:coal":13,"minecraft:cobblestone":79}},"DataVersion":3953}