{"stats":{"minecraft:killed_by":{"minecraft:player":2,"minecraft:creeper":1,"minecraft:zombie":1,"minecraft:iron_golem":1},"minecraft:picked_up":{"minecraft:wooden_axe":2,"minecraft:cocoa_beans":3,"minecraft:crafting_table":7,"minecraft:andesite":6,"minecraft:glow_ink_sac":5,"minecraft:jungle_log":8,"minecraft:wooden_pickaxe":4,"minecraft:oak_log":19,"minecraft:dirt":9,"minecraft:string":3,"minecraft:wooden_sword":3,"minecraft:iron_axe":1,"minecraft:bow":1,"minecraft:wheat_seeds":14,"minecraft:cobbled_deepslate":9,"minecraft:raw_gold":4,"minecraft:iron_ingot":4,"minecraft:stone_pickaxe":2,"minecraft:iron_pickaxe":3,"minecraft:bamboo":11,"minecraft:melon_slice":162,"minecraft:iron_sword":1,"minecraft:egg":2,"minecraft:stick":8,"minecraft:raw_iron":29,"minecraft:torch":7,"minecraft:dripstone_block":18,"minecraft:gravel":3,"minecraft:jungle_planks":23,"minecraft:pointed_dripstone":16,"minecraft:diorite":14,"minecraft:spider_eye":2,"minecraft:rotten_flesh":12,"minecraft:arrow":4,"minecraft:diamond":3,"minecraft:granite":4,"minecraft:oak_sapling":1,"minecraft:coal":26,"minecraft:cobblestone":122},"minecraft:dropped":{"minecraft:rotten_flesh":2,"minecraft:wooden_axe":2,"minecraft:melon_slice":15,"minecraft:wooden_sword":2,"minecraft:wooden_pickaxe":2,"minecraft:iron_pickaxe":1},"minecraft:crafted":{"minecraft:wooden_sword":1,"minecraft:oak_planks":76,"minecraft:crafting_table":2,"minecraft:wooden_pickaxe":1,"minecraft:iron_sword":1,"minecraft:bread":3,"minecraft:jungle_planks":32,"minecraft:stick":32,"minecraft:iron_ingot":10,"minecraft:iron_pickaxe":1,"minecraft:stone_pickaxe":2,"minecraft:wooden_axe":1,"minecraft:torch":4},"minecraft:mined":{"minecraft:podzol":1,"minecraft:jungle_leaves":5,"minecraft:torch":5,"minecraft:crafting_table":3,"minecraft:granite":4,"minecraft:short_grass":126,"minecraft:grass_block":1,"minecraft:melon":34,"minecraft:jungle_log":8,"minecraft:tall_grass":2,"minecraft:cobblestone":9,"minecraft:deepslate_gold_ore":4,"minecraft:diorite":16,"minecraft:wall_torch":1,"minecraft:iron_ore":12,"minecraft:andesite":6,"minecraft:oak_log":19,"minecraft:pointed_dripstone":6,"minecraft:coal_ore":26,"minecraft:deepslate_iron_ore":17,"minecraft:cocoa":1,"minecraft:vine":6,"minecraft:gravel":3,"minecraft:dripstone_block":4,"minecraft:dirt":7,"minecraft:bamboo":1,"minecraft:stone":113,"minecraft:oak_leaves":8,"minecraft:deepslate":7,"minecraft:fern":39},"minecraft:used":{"minecraft:stone_pickaxe":137,"minecraft:oak_planks":3,"minecraft:wooden_pickaxe":84,"minecraft:iron_sword":38,"minecraft:rotten_flesh":7,"minecraft:torch":6,"minecraft:dirt":9,"minecraft:cocoa_beans":3,"minecraft:crafting_table":3,"minecraft:dripstone_block":15,"minecraft:wooden_axe":8,"minecraft:bread":3,"minecraft:iron_axe":4,"minecraft:melon_slice":71,"minecraft:iron_pickaxe":6,"minecraft:gravel":1,"minecraft:wooden_sword":32,"minecraft:cobblestone":79,"minecraft:egg":1,"minecraft:cobbled_deepslate":4,"minecraft:pointed_dripstone":9},"minecraft:custom":{"minecraft:interact_with_furnace":6,"minecraft:mob_kills":14,"minecraft:interact_with_crafting_table":8,"minecraft:leave_game":2,"minecraft:time_since_death":4558,"minecraft:climb_one_cm":18741,"minecraft:time_since_rest":4687,"minecraft:sprint_one_cm":220006,"minecraft:damage_taken":3380,"minecraft:walk_one_cm":360770,"minecraft:drop":24,"minecraft:damage_dealt":3667,"minecraft:player_kills":2,"minecraft:swim_one_cm":14823,"minecraft:fly_one_cm":165216,"minecraft:open_chest":6,"minecraft:play_time":120255,"minecraft:crouch_one_cm":9475,"minecraft:sneak_time":4679,"minecraft:deaths":7,"minecraft:walk_under_water_one_cm":7846,"minecraft:jump":1645,"minecraft:walk_on_water_one_cm":34496,"minecraft:total_world_time":120255,"minecraft:fall_one_cm":50688},"minecraft:killed":{"minecraft:zombie_villager":1,"minecraft:spider":3,"minecraft:skeleton":1,"minecraft:zombie":9}},"DataVersion":3953}