{"stats":{"minecraft:dropped":{"minecraft:rotten_flesh":2,"minecraft:wooden_axe":2,"minecraft:wooden_sword":2,"minecraft:wooden_pickaxe":2},"minecraft:custom":{"minecraft:interact_with_furnace":6,"minecraft:mob_kills":6,"minecraft:interact_with_crafting_table":6,"minecraft:leave_game":1,"minecraft:time_since_death":22292,"minecraft:climb_one_cm":4661,"minecraft:time_since_rest":22349,"minecraft:sprint_one_cm":88768,"minecraft:damage_taken":1691,"minecraft:walk_one_cm":154883,"minecraft:drop":8,"minecraft:damage_dealt":1783,"minecraft:swim_one_cm":1972,"minecraft:fly_one_cm":80375,"minecraft:player_kills":2,"minecraft:open_chest":2,"minecraft:crouch_one_cm":5089,"minecraft:play_time":47128,"minecraft:deaths":3,"minecraft:sneak_time":2727,"minecraft:walk_under_water_one_cm":2655,"minecraft:jump":694,"minecraft:walk_on_water_one_cm":8330,"minecraft:total_world_time":47128,"minecraft:fall_one_cm":29644},"minecraft:killed_by":{"minecraft:player":1,"minecraft:iron_golem":1},"minecraft:crafted":{"minecraft:wooden_sword":1,"minecraft:oak_planks":20,"minecraft:crafting_table":1,"minecraft:iron_sword":1,"minecraft:bread":3,"minecraft:stick":16,"minecraft:iron_pickaxe":1,"minecraft:iron_ingot":10,"minecraft:stone_pickaxe":1},"minecraft:used":{"minecraft:stone_pickaxe":11,"minecraft:oak_planks":3,"minecraft:wooden_pickaxe":43,"minecraft:iron_sword":1,"minecraft:rotten_flesh":3,"minecraft:torch":1,"minecraft:cocoa_beans":3,"minecraft:crafting_table":1,"minecraft:wooden_axe":1,"minecraft:bread":3,"minecraft:iron_axe":4,"minecraft:melon_slice":22,"minecraft:iron_pickaxe":1,"minecraft:gravel":1,"minecraft:wooden_sword":32,"minecraft:cobblestone":13,"minecraft:egg":1,"minecraft:cobbled_deepslate":2,"minecraft:pointed_dripstone":9},"minecraft:killed":{"minecraft:zombie_villager":1,"minecraft:spider":1,"minecraft:zombie":4},"minecraft:mined":{"minecraft:jungle_leaves":2,"minecraft:crafting_table":1,"minecraft:granite":3,"minecraft:short_grass":2,"minecraft:melon":3,"minecraft:cobblestone":2,"minecraft:iron_ore":1,"minecraft:deepslate_iron_ore":10,"minecraft:pointed_dripstone":4,"minecraft:oak_log":5,"minecraft:cocoa":1,"minecraft:gravel":1,"minecraft:dripstone_block":2,"minecraft:bamboo":1,"minecraft:stone":31,"minecraft:oak_leaves":3,"minecraft:deepslate":4},"minecraft:picked_up":{"minecraft:wooden_axe":2,"minecraft:cocoa_beans":3,"minecraft:crafting_table":5,"minecraft:wooden_pickaxe":4,"minecraft:oak_log":5,"minecraft:string":2,"minecraft:iron_axe":1,"minecraft:wooden_sword":3,"minecraft:wheat_seeds":4,"minecraft:cobbled_deepslate":4,"minecraft:iron_pickaxe":1,"minecraft:bamboo":11,"minecraft:melon_slice":27,"minecraft:egg":2,"minecraft:stick":8,"minecraft:raw_iron":11,"minecraft:torch":1,"minecraft:dripstone_block":16,"minecraft:gravel":1,"minecraft:jungle_planks":23,"minecraft:pointed_dripstone":13,"minecraft:spider_eye":1,"minecraft:rotten_flesh":7,"minecraft:arrow":4,"minecraft:diamond":3,"minecraft:granite":3,"minecraft:oak_sapling":1,"minecraft:cobblestone":32}},"DataVersion":3953}