{"stats":{"minecraft:dropped":{"minecraft:rotten_flesh":2,"minecraft:wooden_axe":2,"minecraft:wooden_sword":2,"minecraft:wooden_pickaxe":2},"minecraft:custom":{"minecraft:interact_with_furnace":6,"minecraft:mob_kills":8,"minecraft:interact_with_crafting_table":6,"minecraft:leave_game":1,"minecraft:time_since_death":6757,"minecraft:climb_one_cm":8116,"minecraft:time_since_rest":6892,"minecraft:sprint_one_cm":119798,"minecraft:damage_taken":1856,"minecraft:walk_one_cm":201231,"minecraft:drop":8,"minecraft:damage_dealt":2394,"minecraft:swim_one_cm":8680,"minecraft:fly_one_cm":104064,"minecraft:player_kills":2,"minecraft:open_chest":2,"minecraft:crouch_one_cm":5356,"minecraft:play_time":59128,"minecraft:deaths":4,"minecraft:sneak_time":2899,"minecraft:walk_under_water_one_cm":3830,"minecraft:jump":956,"minecraft:walk_on_water_one_cm":18433,"minecraft:total_world_time":59128,"minecraft:fall_one_cm":34269},"minecraft:killed_by":{"minecraft:player":1,"minecraft:iron_golem":1},"minecraft:crafted":{"minecraft:wooden_sword":1,"minecraft:oak_planks":20,"minecraft:crafting_table":1,"minecraft:iron_sword":1,"minecraft:bread":3,"minecraft:stick":16,"minecraft:iron_pickaxe":1,"minecraft:iron_ingot":10,"minecraft:stone_pickaxe":1},"minecraft:used":{"minecraft:stone_pickaxe":13,"minecraft:oak_planks":3,"minecraft:wooden_pickaxe":43,"minecraft:iron_sword":12,"minecraft:rotten_flesh":7,"minecraft:torch":1,"minecraft:cocoa_beans":3,"minecraft:crafting_table":1,"minecraft:dripstone_block":15,"minecraft:wooden_axe":1,"minecraft:bread":3,"minecraft:iron_axe":4,"minecraft:melon_slice":25,"minecraft:iron_pickaxe":1,"minecraft:gravel":1,"minecraft:wooden_sword":32,"minecraft:cobblestone":13,"minecraft:egg":1,"minecraft:cobbled_deepslate":4,"minecraft:pointed_dripstone":9},"minecraft:killed":{"minecraft:zombie_villager":1,"minecraft:spider":1,"minecraft:zombie":6},"minecraft:mined":{"minecraft:jungle_leaves":4,"minecraft:crafting_table":1,"minecraft:granite":3,"minecraft:short_grass":9,"minecraft:melon":24,"minecraft:jungle_log":1,"minecraft:cobblestone":2,"minecraft:iron_ore":1,"minecraft:vine":3,"minecraft:deepslate_iron_ore":11,"minecraft:pointed_dripstone":4,"minecraft:oak_log":5,"minecraft:cocoa":1,"minecraft:gravel":1,"minecraft:dripstone_block":3,"minecraft:bamboo":1,"minecraft:stone":31,"minecraft:oak_leaves":3,"minecraft:deepslate":4,"minecraft:fern":7},"minecraft:picked_up":{"minecraft:wooden_axe":2,"minecraft:cocoa_beans":3,"minecraft:crafting_table":5,"minecraft:glow_ink_sac":5,"minecraft:jungle_log":1,"minecraft:wooden_pickaxe":4,"minecraft:oak_log":5,"minecraft:string":2,"minecraft:iron_axe":1,"minecraft:wooden_sword":3,"minecraft:wheat_seeds":6,"minecraft:cobbled_deepslate":4,"minecraft:iron_pickaxe":1,"minecraft:bamboo":11,"minecraft:melon_slice":121,"minecraft:egg":2,"minecraft:stick":8,"minecraft:raw_iron":12,"minecraft:torch":1,"minecraft:dripstone_block":17,"minecraft:gravel":1,"minecraft:jungle_planks":23,"minecraft:pointed_dripstone":13,"minecraft:spider_eye":1,"minecraft:rotten_flesh":11,"minecraft:arrow":4,"minecraft:diamond":3,"minecraft:granite":3,"minecraft:oak_sapling":1,"minecraft:cobblestone":32}},"DataVersion":3953}