{"stats":{"minecraft:custom":{"minecraft:jump":47,"minecraft:time_since_rest":5128,"minecraft:crouch_one_cm":8,"minecraft:leave_game":1,"minecraft:play_time":5128,"minecraft:sprint_one_cm":4846,"minecraft:damage_taken":225,"minecraft:time_since_death":5128,"minecraft:walk_one_cm":7053,"minecraft:sneak_time":8,"minecraft:total_world_time":5128,"minecraft:fall_one_cm":725,"minecraft:fly_one_cm":6867},"minecraft:crafted":{"minecraft:oak_planks":20},"minecraft:mined":{"minecraft:oak_log":5},"minecraft:picked_up":{"minecraft:oak_log":5}},"DataVersion":3953}