{"stats":{"minecraft:dropped":{"minecraft:wooden_axe":2,"minecraft:rotten_flesh":2,"minecraft:wooden_sword":2,"minecraft:wooden_pickaxe":2},"minecraft:custom":{"minecraft:time_since_rest":4349,"minecraft:sprint_one_cm":80690,"minecraft:damage_taken":1476,"minecraft:walk_one_cm":97093,"minecraft:mob_kills":6,"minecraft:drop":8,"minecraft:damage_dealt":1646,"minecraft:swim_one_cm":1972,"minecraft:player_kills":2,"minecraft:interact_with_crafting_table":3,"minecraft:fly_one_cm":75189,"minecraft:open_chest":2,"minecraft:crouch_one_cm":3116,"minecraft:play_time":29128,"minecraft:deaths":3,"minecraft:sneak_time":1703,"minecraft:walk_under_water_one_cm":1184,"minecraft:jump":464,"minecraft:leave_game":1,"minecraft:walk_on_water_one_cm":2654,"minecraft:time_since_death":4292,"minecraft:climb_one_cm":4661,"minecraft:total_world_time":29128,"minecraft:fall_one_cm":17649},"minecraft:killed_by":{"minecraft:iron_golem":1,"minecraft:player":1},"minecraft:crafted":{"minecraft:wooden_sword":1,"minecraft:oak_planks":20,"minecraft:crafting_table":1,"minecraft:stick":4,"minecraft:bread":3},"minecraft:used":{"minecraft:wooden_axe":1,"minecraft:melon_slice":15,"minecraft:iron_axe":4,"minecraft:bread":3,"minecraft:iron_pickaxe":1,"minecraft:oak_planks":3,"minecraft:wooden_pickaxe":34,"minecraft:rotten_flesh":3,"minecraft:wooden_sword":32,"minecraft:cobblestone":3,"minecraft:cocoa_beans":3,"minecraft:crafting_table":1,"minecraft:egg":1,"minecraft:pointed_dripstone":1},"minecraft:killed":{"minecraft:zombie":4,"minecraft:zombie_villager":1,"minecraft:spider":1},"minecraft:mined":{"minecraft:iron_ore":1,"minecraft:jungle_leaves":2,"minecraft:crafting_table":1,"minecraft:granite":3,"minecraft:short_grass":2,"minecraft:pointed_dripstone":1,"minecraft:melon":3,"minecraft:oak_log":5,"minecraft:cocoa":1,"minecraft:bamboo":1,"minecraft:stone":31,"minecraft:oak_leaves":3},"minecraft:picked_up":{"minecraft:wooden_axe":2,"minecraft:cocoa_beans":3,"minecraft:raw_iron":1,"minecraft:stick":6,"minecraft:crafting_table":4,"minecraft:wooden_pickaxe":4,"minecraft:jungle_planks":16,"minecraft:oak_log":5,"minecraft:pointed_dripstone":1,"minecraft:spider_eye":1,"minecraft:string":2,"minecraft:iron_axe":1,"minecraft:wooden_sword":3,"minecraft:arrow":2,"minecraft:rotten_flesh":7,"minecraft:wheat_seeds":4,"minecraft:granite":3,"minecraft:iron_pickaxe":1,"minecraft:bamboo":11,"minecraft:oak_sapling":1,"minecraft:melon_slice":20,"minecraft:cobblestone":29,"minecraft:egg":2}},"DataVersion":3953}