{"stats":{"minecraft:dropped":{"minecraft:rotten_flesh":2},"minecraft:custom":{"minecraft:time_since_rest":2133,"minecraft:sprint_one_cm":55112,"minecraft:damage_taken":906,"minecraft:walk_one_cm":59648,"minecraft:mob_kills":6,"minecraft:drop":2,"minecraft:damage_dealt":1646,"minecraft:player_kills":2,"minecraft:interact_with_crafting_table":3,"minecraft:fly_one_cm":57632,"minecraft:open_chest":2,"minecraft:crouch_one_cm":8,"minecraft:play_time":17128,"minecraft:deaths":2,"minecraft:sneak_time":8,"minecraft:jump":273,"minecraft:leave_game":1,"minecraft:time_since_death":2104,"minecraft:climb_one_cm":92,"minecraft:total_world_time":17128,"minecraft:fall_one_cm":4990},"minecraft:killed_by":{"minecraft:iron_golem":1,"minecraft:player":1},"minecraft:crafted":{"minecraft:wooden_sword":1,"minecraft:oak_planks":20,"minecraft:crafting_table":1,"minecraft:stick":4,"minecraft:bread":3},"minecraft:used":{"minecraft:wooden_axe":1,"minecraft:iron_axe":3,"minecraft:bread":3,"minecraft:iron_pickaxe":1,"minecraft:oak_planks":3,"minecraft:rotten_flesh":2,"minecraft:wooden_sword":32,"minecraft:crafting_table":1},"minecraft:killed":{"minecraft:zombie":4,"minecraft:zombie_villager":1,"minecraft:spider":1},"minecraft:mined":{"minecraft:iron_ore":1,"minecraft:crafting_table":1,"minecraft:short_grass":1,"minecraft:oak_log":5},"minecraft:picked_up":{"minecraft:wooden_axe":1,"minecraft:raw_iron":1,"minecraft:stick":6,"minecraft:crafting_table":4,"minecraft:wooden_pickaxe":2,"minecraft:jungle_planks":16,"minecraft:oak_log":5,"minecraft:spider_eye":1,"minecraft:string":2,"minecraft:iron_axe":1,"minecraft:wooden_sword":2,"minecraft:arrow":2,"minecraft:rotten_flesh":7,"minecraft:wheat_seeds":4,"minecraft:iron_pickaxe":1,"minecraft:egg":1}},"DataVersion":3953}