{"stats":{"minecraft:dropped":{"minecraft:rotten_flesh":2,"minecraft:wooden_axe":2,"minecraft:wooden_sword":2,"minecraft:wooden_pickaxe":2},"minecraft:custom":{"minecraft:interact_with_furnace":6,"minecraft:mob_kills":8,"minecraft:interact_with_crafting_table":8,"minecraft:leave_game":1,"minecraft:time_since_death":18757,"minecraft:climb_one_cm":14531,"minecraft:time_since_rest":18892,"minecraft:sprint_one_cm":135073,"minecraft:damage_taken":2071,"minecraft:walk_one_cm":247340,"minecraft:drop":8,"minecraft:damage_dealt":2398,"minecraft:swim_one_cm":9097,"minecraft:fly_one_cm":110069,"minecraft:player_kills":2,"minecraft:open_chest":2,"minecraft:crouch_one_cm":5356,"minecraft:play_time":71128,"minecraft:deaths":4,"minecraft:sneak_time":2899,"minecraft:walk_under_water_one_cm":4502,"minecraft:jump":1105,"minecraft:walk_on_water_one_cm":24798,"minecraft:total_world_time":71128,"minecraft:fall_one_cm":35316},"minecraft:killed_by":{"minecraft:player":1,"minecraft:iron_golem":1},"minecraft:crafted":{"minecraft:wooden_sword":1,"minecraft:oak_planks":20,"minecraft:crafting_table":2,"minecraft:wooden_pickaxe":1,"minecraft:iron_sword":1,"minecraft:bread":3,"minecraft:jungle_planks":32,"minecraft:stick":32,"minecraft:iron_pickaxe":1,"minecraft:iron_ingot":10,"minecraft:stone_pickaxe":2,"minecraft:wooden_axe":1,"minecraft:torch":4},"minecraft:used":{"minecraft:stone_pickaxe":41,"minecraft:oak_planks":3,"minecraft:wooden_pickaxe":84,"minecraft:iron_sword":12,"minecraft:rotten_flesh":7,"minecraft:torch":2,"minecraft:dirt":5,"minecraft:cocoa_beans":3,"minecraft:crafting_table":3,"minecraft:dripstone_block":15,"minecraft:wooden_axe":8,"minecraft:bread":3,"minecraft:iron_axe":4,"minecraft:melon_slice":37,"minecraft:iron_pickaxe":1,"minecraft:gravel":1,"minecraft:wooden_sword":32,"minecraft:cobblestone":13,"minecraft:egg":1,"minecraft:cobbled_deepslate":4,"minecraft:pointed_dripstone":9},"minecraft:killed":{"minecraft:zombie_villager":1,"minecraft:spider":1,"minecraft:zombie":6},"minecraft:mined":{"minecraft:podzol":1,"minecraft:jungle_leaves":4,"minecraft:crafting_table":3,"minecraft:granite":3,"minecraft:short_grass":10,"minecraft:grass_block":1,"minecraft:melon":24,"minecraft:jungle_log":8,"minecraft:cobblestone":2,"minecraft:diorite":4,"minecraft:wall_torch":1,"minecraft:iron_ore":1,"minecraft:coal_ore":24,"minecraft:vine":3,"minecraft:deepslate_iron_ore":11,"minecraft:pointed_dripstone":4,"minecraft:oak_log":5,"minecraft:cocoa":1,"minecraft:dirt":7,"minecraft:gravel":3,"minecraft:dripstone_block":3,"minecraft:bamboo":1,"minecraft:stone":69,"minecraft:oak_leaves":5,"minecraft:deepslate":4,"minecraft:fern":7},"minecraft:picked_up":{"minecraft:wooden_axe":2,"minecraft:cocoa_beans":3,"minecraft:crafting_table":7,"minecraft:glow_ink_sac":5,"minecraft:jungle_log":8,"minecraft:wooden_pickaxe":4,"minecraft:oak_log":5,"minecraft:dirt":9,"minecraft:string":2,"minecraft:iron_axe":1,"minecraft:wooden_sword":3,"minecraft:wheat_seeds":6,"minecraft:cobbled_deepslate":4,"minecraft:iron_pickaxe":1,"minecraft:bamboo":11,"minecraft:melon_slice":121,"minecraft:egg":2,"minecraft:stick":8,"minecraft:raw_iron":12,"minecraft:torch":2,"minecraft:dripstone_block":17,"minecraft:gravel":3,"minecraft:jungle_planks":23,"minecraft:pointed_dripstone":13,"minecraft:diorite":4,"minecraft:spider_eye":1,"minecraft:rotten_flesh":11,"minecraft:arrow":4,"minecraft:diamond":3,"minecraft:granite":3,"minecraft:oak_sapling":1,"minecraft:coal":24,"minecraft:cobblestone":70}},"DataVersion":3953}