{"stats":{"minecraft:picked_up":{"minecraft:stick":2,"minecraft:jungle_log":11,"minecraft:jungle_planks":1,"minecraft:spider_eye":1,"minecraft:string":2},"minecraft:crafted":{"minecraft:crafting_table":2,"minecraft:jungle_planks":40,"minecraft:wooden_axe":1},"minecraft:mined":{"minecraft:short_grass":11,"minecraft:jungle_planks":1,"minecraft:dead_bush":1,"minecraft:vine":5,"minecraft:jungle_log":12},"minecraft:used":{"minecraft:wooden_axe":9,"minecraft:dirt":3,"minecraft:crafting_table":1,"minecraft:jungle_planks":4,"minecraft:spider_eye":1},"minecraft:custom":{"minecraft:time_since_rest":6091,"minecraft:open_chest":1,"minecraft:crouch_one_cm":995,"minecraft:play_time":6091,"minecraft:sprint_one_cm":26805,"minecraft:damage_taken":212,"minecraft:walk_one_cm":19014,"minecraft:sneak_time":431,"minecraft:bell_ring":4,"minecraft:mob_kills":1,"minecraft:jump":180,"minecraft:damage_dealt":98,"minecraft:time_since_death":6091,"minecraft:total_world_time":6091,"minecraft:climb_one_cm":2570,"minecraft:interact_with_crafting_table":1,"minecraft:fall_one_cm":4884,"minecraft:fly_one_cm":42497},"minecraft:killed":{"minecraft:spider":1}},"DataVersion":3953}