{"stats":{"minecraft:killed_by":{"minecraft:skeleton":1,"minecraft:creeper":1},"minecraft:picked_up":{"minecraft:stripped_oak_log":4,"minecraft:crafting_table":6,"minecraft:sandstone_slab":1,"minecraft:jungle_log":16,"minecraft:leather":2,"minecraft:wooden_pickaxe":1,"minecraft:smoker":1,"minecraft:oak_log":17,"minecraft:amethyst_block":3,"minecraft:string":2,"minecraft:orange_terracotta":9,"minecraft:cooked_mutton":1,"minecraft:wheat_seeds":4,"minecraft:raw_gold":38,"minecraft:rabbit_hide":1,"minecraft:beef":8,"minecraft:calcite":6,"minecraft:glowstone_dust":2,"minecraft:rabbit":1,"minecraft:bamboo":8,"minecraft:melon_slice":23,"minecraft:sugar_cane":2,"minecraft:oak_planks":3,"minecraft:furnace":3,"minecraft:sandstone":1,"minecraft:stick":28,"minecraft:raw_iron":13,"minecraft:smooth_basalt":3,"minecraft:torch":2,"minecraft:acacia_log":4,"minecraft:sand":46,"minecraft:jungle_planks":8,"minecraft:redstone":8,"minecraft:stone_pressure_plate":1,"minecraft:spider_eye":1,"minecraft:rotten_flesh":3,"minecraft:stone_axe":1,"minecraft:bread":2,"minecraft:cobblestone":63,"minecraft:mutton":16,"minecraft:coal":61,"minecraft:white_wool":11},"minecraft:dropped":{"minecraft:rabbit":1},"minecraft:crafted":{"minecraft:cooked_beef":3,"minecraft:oak_planks":68,"minecraft:crafting_table":3,"minecraft:wooden_pickaxe":1,"minecraft:furnace":2,"minecraft:bucket":1,"minecraft:stone_axe":1,"minecraft:cooked_mutton":15,"minecraft:air":0,"minecraft:jungle_planks":60,"minecraft:charcoal":3,"minecraft:shield":1,"minecraft:iron_axe":1,"minecraft:stick":8,"minecraft:iron_ingot":13,"minecraft:iron_pickaxe":1,"minecraft:stone_pickaxe":1,"minecraft:wooden_axe":1,"minecraft:acacia_planks":4,"minecraft:torch":16,"minecraft:smoker":1},"minecraft:mined":{"minecraft:sandstone_slab":1,"minecraft:stone_pressure_plate":1,"minecraft:smoker":1,"minecraft:orange_terracotta":9,"minecraft:crafting_table":6,"minecraft:torch":1,"minecraft:short_grass":17,"minecraft:acacia_log":4,"minecraft:calcite":6,"minecraft:melon":5,"minecraft:jungle_planks":8,"minecraft:jungle_log":17,"minecraft:dead_bush":27,"minecraft:cobblestone":16,"minecraft:tall_grass":2,"minecraft:sugar_cane":2,"minecraft:oak_planks":4,"minecraft:sandstone":1,"minecraft:amethyst_block":3,"minecraft:furnace":3,"minecraft:iron_ore":13,"minecraft:oak_log":17,"minecraft:coal_ore":25,"minecraft:vine":7,"minecraft:stripped_oak_log":4,"minecraft:smooth_basalt":3,"minecraft:bamboo":1,"minecraft:stone":38,"minecraft:gold_ore":38,"minecraft:oak_leaves":2,"minecraft:fern":2},"minecraft:used":{"minecraft:wheat_seeds":2,"minecraft:cooked_mutton":12,"minecraft:water_bucket":28,"minecraft:stone_pickaxe":60,"minecraft:oak_planks":13,"minecraft:shield":7,"minecraft:wooden_pickaxe":33,"minecraft:rotten_flesh":2,"minecraft:torch":13,"minecraft:dirt":3,"minecraft:sand":45,"minecraft:crafting_table":7,"minecraft:jungle_planks":11,"minecraft:spider_eye":1,"minecraft:smoker":1,"minecraft:wooden_axe":11,"minecraft:bread":1,"minecraft:iron_axe":40,"minecraft:iron_pickaxe":66,"minecraft:stone_axe":99,"minecraft:cobblestone":32,"minecraft:beef":1,"minecraft:furnace":3,"minecraft:bucket":29,"minecraft:cooked_beef":2,"minecraft:orange_terracotta":6},"minecraft:custom":{"minecraft:interact_with_furnace":22,"minecraft:mob_kills":29,"minecraft:interact_with_crafting_table":15,"minecraft:bell_ring":4,"minecraft:interact_with_stonecutter":1,"minecraft:time_since_death":48618,"minecraft:climb_one_cm":5109,"minecraft:time_since_rest":48647,"minecraft:sprint_one_cm":283972,"minecraft:damage_taken":1484,"minecraft:walk_one_cm":137612,"minecraft:damage_blocked_by_shield":138,"minecraft:drop":1,"minecraft:damage_dealt":3840,"minecraft:swim_one_cm":22731,"minecraft:fly_one_cm":355047,"minecraft:open_chest":10,"minecraft:crouch_one_cm":8280,"minecraft:play_time":60091,"minecraft:deaths":2,"minecraft:sneak_time":3082,"minecraft:walk_under_water_one_cm":14703,"minecraft:jump":1723,"minecraft:walk_on_water_one_cm":18353,"minecraft:total_world_time":60091,"minecraft:interact_with_smoker":18,"minecraft:fall_one_cm":52495},"minecraft:killed":{"minecraft:witch":1,"minecraft:spider":3,"minecraft:creeper":1,"minecraft:sheep":11,"minecraft:zombie":6,"minecraft:cow":5}},"DataVersion":3953}