{"stats":{"minecraft:killed_by":{"minecraft:skeleton":1,"minecraft:creeper":1},"minecraft:picked_up":{"minecraft:stripped_oak_log":4,"minecraft:crafting_table":5,"minecraft:jungle_log":16,"minecraft:leather":2,"minecraft:wooden_pickaxe":1,"minecraft:smoker":1,"minecraft:oak_log":17,"minecraft:amethyst_block":3,"minecraft:string":2,"minecraft:cooked_mutton":1,"minecraft:wheat_seeds":3,"minecraft:raw_gold":25,"minecraft:beef":8,"minecraft:calcite":6,"minecraft:bamboo":8,"minecraft:oak_planks":1,"minecraft:furnace":2,"minecraft:stick":20,"minecraft:raw_iron":6,"minecraft:smooth_basalt":3,"minecraft:torch":1,"minecraft:acacia_log":4,"minecraft:sand":46,"minecraft:jungle_planks":8,"minecraft:spider_eye":1,"minecraft:rotten_flesh":3,"minecraft:stone_axe":1,"minecraft:bread":2,"minecraft:cobblestone":51,"minecraft:mutton":16,"minecraft:coal":43,"minecraft:white_wool":11},"minecraft:crafted":{"minecraft:cooked_beef":3,"minecraft:oak_planks":68,"minecraft:crafting_table":3,"minecraft:wooden_pickaxe":1,"minecraft:furnace":2,"minecraft:bucket":1,"minecraft:stone_axe":1,"minecraft:cooked_mutton":15,"minecraft:air":0,"minecraft:jungle_planks":60,"minecraft:charcoal":3,"minecraft:stick":8,"minecraft:iron_ingot":6,"minecraft:iron_pickaxe":1,"minecraft:stone_pickaxe":1,"minecraft:wooden_axe":1,"minecraft:acacia_planks":4,"minecraft:torch":16,"minecraft:smoker":1},"minecraft:mined":{"minecraft:smoker":1,"minecraft:crafting_table":5,"minecraft:torch":1,"minecraft:short_grass":15,"minecraft:acacia_log":4,"minecraft:calcite":6,"minecraft:jungle_planks":8,"minecraft:jungle_log":17,"minecraft:dead_bush":15,"minecraft:cobblestone":16,"minecraft:tall_grass":2,"minecraft:oak_planks":1,"minecraft:amethyst_block":3,"minecraft:furnace":2,"minecraft:iron_ore":6,"minecraft:oak_log":17,"minecraft:coal_ore":25,"minecraft:vine":7,"minecraft:stripped_oak_log":4,"minecraft:smooth_basalt":3,"minecraft:bamboo":1,"minecraft:stone":26,"minecraft:gold_ore":25,"minecraft:oak_leaves":1,"minecraft:fern":1},"minecraft:used":{"minecraft:cooked_mutton":5,"minecraft:stone_pickaxe":54,"minecraft:wooden_pickaxe":33,"minecraft:rotten_flesh":2,"minecraft:torch":3,"minecraft:dirt":3,"minecraft:sand":45,"minecraft:crafting_table":6,"minecraft:jungle_planks":4,"minecraft:spider_eye":1,"minecraft:smoker":1,"minecraft:wooden_axe":11,"minecraft:iron_pickaxe":27,"minecraft:stone_axe":91,"minecraft:cobblestone":19,"minecraft:beef":1,"minecraft:furnace":2,"minecraft:bucket":1,"minecraft:cooked_beef":2},"minecraft:custom":{"minecraft:interact_with_furnace":12,"minecraft:mob_kills":23,"minecraft:interact_with_crafting_table":10,"minecraft:bell_ring":4,"minecraft:interact_with_stonecutter":1,"minecraft:time_since_death":24618,"minecraft:climb_one_cm":2955,"minecraft:time_since_rest":24647,"minecraft:sprint_one_cm":164944,"minecraft:damage_taken":1008,"minecraft:walk_one_cm":95925,"minecraft:damage_dealt":2622,"minecraft:swim_one_cm":3975,"minecraft:fly_one_cm":176097,"minecraft:open_chest":2,"minecraft:crouch_one_cm":5420,"minecraft:play_time":36091,"minecraft:deaths":2,"minecraft:sneak_time":2099,"minecraft:walk_under_water_one_cm":2930,"minecraft:jump":953,"minecraft:walk_on_water_one_cm":8033,"minecraft:total_world_time":36091,"minecraft:interact_with_smoker":18,"minecraft:fall_one_cm":29089},"minecraft:killed":{"minecraft:spider":2,"minecraft:sheep":11,"minecraft:zombie":3,"minecraft:cow":5}},"DataVersion":3953}