{"stats":{"minecraft:killed_by":{"minecraft:skeleton":1,"minecraft:creeper":1},"minecraft:picked_up":{"minecraft:stripped_oak_log":4,"minecraft:crafting_table":3,"minecraft:jungle_log":16,"minecraft:leather":2,"minecraft:wooden_pickaxe":1,"minecraft:smoker":1,"minecraft:oak_log":17,"minecraft:string":2,"minecraft:cooked_mutton":1,"minecraft:wheat_seeds":3,"minecraft:beef":4,"minecraft:bamboo":8,"minecraft:oak_planks":1,"minecraft:furnace":1,"minecraft:stick":18,"minecraft:acacia_log":4,"minecraft:sand":46,"minecraft:jungle_planks":8,"minecraft:spider_eye":1,"minecraft:rotten_flesh":2,"minecraft:stone_axe":1,"minecraft:cobblestone":43,"minecraft:mutton":16,"minecraft:coal":15,"minecraft:white_wool":11},"minecraft:crafted":{"minecraft:cooked_beef":3,"minecraft:oak_planks":68,"minecraft:crafting_table":3,"minecraft:wooden_pickaxe":1,"minecraft:furnace":2,"minecraft:stone_axe":1,"minecraft:cooked_mutton":15,"minecraft:air":0,"minecraft:jungle_planks":60,"minecraft:charcoal":3,"minecraft:stone_pickaxe":1,"minecraft:wooden_axe":1,"minecraft:acacia_planks":4,"minecraft:smoker":1},"minecraft:mined":{"minecraft:smoker":1,"minecraft:crafting_table":3,"minecraft:short_grass":14,"minecraft:acacia_log":4,"minecraft:jungle_planks":8,"minecraft:jungle_log":17,"minecraft:dead_bush":12,"minecraft:cobblestone":12,"minecraft:tall_grass":1,"minecraft:oak_planks":1,"minecraft:furnace":1,"minecraft:oak_log":17,"minecraft:coal_ore":15,"minecraft:vine":7,"minecraft:stripped_oak_log":4,"minecraft:bamboo":1,"minecraft:stone":22,"minecraft:oak_leaves":1,"minecraft:fern":1},"minecraft:used":{"minecraft:cooked_mutton":1,"minecraft:stone_pickaxe":19,"minecraft:wooden_pickaxe":33,"minecraft:rotten_flesh":2,"minecraft:dirt":3,"minecraft:sand":45,"minecraft:crafting_table":4,"minecraft:jungle_planks":4,"minecraft:spider_eye":1,"minecraft:smoker":1,"minecraft:wooden_axe":11,"minecraft:stone_axe":67,"minecraft:cobblestone":1,"minecraft:furnace":1,"minecraft:cooked_beef":1},"minecraft:custom":{"minecraft:interact_with_furnace":4,"minecraft:mob_kills":16,"minecraft:interact_with_crafting_table":8,"minecraft:bell_ring":4,"minecraft:interact_with_stonecutter":1,"minecraft:time_since_death":12618,"minecraft:climb_one_cm":2955,"minecraft:time_since_rest":12647,"minecraft:sprint_one_cm":121102,"minecraft:damage_taken":593,"minecraft:walk_one_cm":58767,"minecraft:damage_dealt":1517,"minecraft:swim_one_cm":3691,"minecraft:fly_one_cm":128773,"minecraft:open_chest":2,"minecraft:crouch_one_cm":3535,"minecraft:play_time":24091,"minecraft:deaths":2,"minecraft:sneak_time":1389,"minecraft:walk_under_water_one_cm":514,"minecraft:jump":618,"minecraft:walk_on_water_one_cm":1600,"minecraft:total_world_time":24091,"minecraft:interact_with_smoker":18,"minecraft:fall_one_cm":18870},"minecraft:killed":{"minecraft:spider":1,"minecraft:sheep":11,"minecraft:cow":3}},"DataVersion":3953}