{"stats":{"minecraft:killed_by":{"minecraft:skeleton":1,"minecraft:creeper":1},"minecraft:picked_up":{"minecraft:stripped_oak_log":4,"minecraft:crafting_table":6,"minecraft:sandstone_slab":1,"minecraft:jungle_log":16,"minecraft:leather":2,"minecraft:wooden_pickaxe":1,"minecraft:smoker":1,"minecraft:oak_log":17,"minecraft:amethyst_block":3,"minecraft:string":2,"minecraft:orange_terracotta":8,"minecraft:cooked_mutton":1,"minecraft:wheat_seeds":3,"minecraft:raw_gold":38,"minecraft:beef":8,"minecraft:calcite":6,"minecraft:bamboo":8,"minecraft:oak_planks":2,"minecraft:furnace":3,"minecraft:stick":27,"minecraft:raw_iron":13,"minecraft:smooth_basalt":3,"minecraft:torch":1,"minecraft:acacia_log":4,"minecraft:sand":46,"minecraft:jungle_planks":8,"minecraft:spider_eye":1,"minecraft:rotten_flesh":3,"minecraft:stone_axe":1,"minecraft:bread":2,"minecraft:cobblestone":63,"minecraft:mutton":16,"minecraft:coal":61,"minecraft:white_wool":11},"minecraft:crafted":{"minecraft:cooked_beef":3,"minecraft:oak_planks":68,"minecraft:crafting_table":3,"minecraft:wooden_pickaxe":1,"minecraft:furnace":2,"minecraft:bucket":1,"minecraft:stone_axe":1,"minecraft:cooked_mutton":15,"minecraft:air":0,"minecraft:jungle_planks":60,"minecraft:charcoal":3,"minecraft:shield":1,"minecraft:iron_axe":1,"minecraft:stick":8,"minecraft:iron_ingot":13,"minecraft:iron_pickaxe":1,"minecraft:stone_pickaxe":1,"minecraft:wooden_axe":1,"minecraft:acacia_planks":4,"minecraft:torch":16,"minecraft:smoker":1},"minecraft:mined":{"minecraft:sandstone_slab":1,"minecraft:smoker":1,"minecraft:orange_terracotta":8,"minecraft:crafting_table":6,"minecraft:torch":1,"minecraft:short_grass":15,"minecraft:acacia_log":4,"minecraft:calcite":6,"minecraft:jungle_planks":8,"minecraft:jungle_log":17,"minecraft:dead_bush":23,"minecraft:cobblestone":16,"minecraft:tall_grass":2,"minecraft:oak_planks":2,"minecraft:amethyst_block":3,"minecraft:furnace":3,"minecraft:iron_ore":13,"minecraft:oak_log":17,"minecraft:coal_ore":25,"minecraft:vine":7,"minecraft:stripped_oak_log":4,"minecraft:smooth_basalt":3,"minecraft:bamboo":1,"minecraft:stone":38,"minecraft:gold_ore":38,"minecraft:oak_leaves":1,"minecraft:fern":1},"minecraft:used":{"minecraft:cooked_mutton":7,"minecraft:water_bucket":21,"minecraft:stone_pickaxe":60,"minecraft:oak_planks":3,"minecraft:shield":4,"minecraft:wooden_pickaxe":33,"minecraft:rotten_flesh":2,"minecraft:torch":9,"minecraft:dirt":3,"minecraft:sand":45,"minecraft:crafting_table":7,"minecraft:jungle_planks":11,"minecraft:spider_eye":1,"minecraft:smoker":1,"minecraft:wooden_axe":11,"minecraft:iron_axe":6,"minecraft:iron_pickaxe":63,"minecraft:stone_axe":99,"minecraft:cobblestone":32,"minecraft:beef":1,"minecraft:furnace":3,"minecraft:bucket":22,"minecraft:cooked_beef":2,"minecraft:orange_terracotta":6},"minecraft:custom":{"minecraft:interact_with_furnace":22,"minecraft:mob_kills":24,"minecraft:interact_with_crafting_table":15,"minecraft:bell_ring":4,"minecraft:interact_with_stonecutter":1,"minecraft:time_since_death":36618,"minecraft:climb_one_cm":2955,"minecraft:time_since_rest":36647,"minecraft:sprint_one_cm":212962,"minecraft:damage_taken":1236,"minecraft:walk_one_cm":116431,"minecraft:damage_blocked_by_shield":93,"minecraft:damage_dealt":2839,"minecraft:swim_one_cm":9874,"minecraft:fly_one_cm":261705,"minecraft:open_chest":3,"minecraft:crouch_one_cm":7712,"minecraft:play_time":48091,"minecraft:deaths":2,"minecraft:sneak_time":2843,"minecraft:walk_under_water_one_cm":11759,"minecraft:jump":1324,"minecraft:walk_on_water_one_cm":13490,"minecraft:total_world_time":48091,"minecraft:interact_with_smoker":18,"minecraft:fall_one_cm":39440},"minecraft:killed":{"minecraft:spider":2,"minecraft:sheep":11,"minecraft:zombie":4,"minecraft:cow":5}},"DataVersion":3953}