{"stats":{"minecraft:custom":{"minecraft:mob_kills":47,"minecraft:interact_with_crafting_table":35,"minecraft:leave_game":2,"minecraft:time_since_death":117934,"minecraft:climb_one_cm":614,"minecraft:sprint_one_cm":411218,"minecraft:walk_one_cm":390785,"minecraft:damage_blocked_by_shield":1696,"minecraft:drop":30,"minecraft:talked_to_villager":1,"minecraft:play_time":117934,"minecraft:sneak_time":2873,"minecraft:walk_under_water_one_cm":2404,"minecraft:boat_one_cm":97699,"minecraft:jump":2109,"minecraft:interact_with_blast_furnace":1,"minecraft:walk_on_water_one_cm":11685,"minecraft:total_world_time":117934,"minecraft:interact_with_furnace":15,"minecraft:sleep_in_bed":4,"minecraft:time_since_rest":51276,"minecraft:damage_taken":1632,"minecraft:damage_dealt":10628,"minecraft:swim_one_cm":8725,"minecraft:fly_one_cm":438392,"minecraft:player_kills":5,"minecraft:open_chest":30,"minecraft:crouch_one_cm":5676,"minecraft:fall_one_cm":41516},"minecraft:dropped":{"minecraft:iron_ingot":3,"minecraft:bread":16,"minecraft:wheat_seeds":2,"minecraft:cobblestone":10,"minecraft:green_dye":2,"minecraft:jungle_door":1,"minecraft:wooden_sword":1,"minecraft:smooth_sandstone_slab":3,"minecraft:iron_pickaxe":1,"minecraft:string":2,"minecraft:bone":9,"minecraft:stone_axe":1,"minecraft:smooth_sandstone_stairs":6,"minecraft:rotten_flesh":7,"minecraft:andesite":1,"minecraft:acacia_sapling":2,"minecraft:arrow":11,"minecraft:bow":1,"minecraft:acacia_pressure_plate":1,"minecraft:terracotta":2},"minecraft:broken":{"minecraft:iron_shovel":2,"minecraft:stone_axe":1},"minecraft:crafted":{"minecraft:furnace":2,"minecraft:iron_boots":1,"minecraft:iron_axe":1,"minecraft:stone_pickaxe":1,"minecraft:chest":1,"minecraft:wheat":198,"minecraft:crafting_table":2,"minecraft:jungle_boat":1,"minecraft:wooden_pickaxe":1,"minecraft:iron_helmet":1,"minecraft:iron_sword":1,"minecraft:stone_axe":1,"minecraft:bread":68,"minecraft:air":0,"minecraft:jungle_planks":112,"minecraft:shield":1,"minecraft:stick":20,"minecraft:iron_ingot":22,"minecraft:iron_pickaxe":2,"minecraft:wooden_axe":1,"minecraft:iron_shovel":3,"minecraft:iron_leggings":1,"minecraft:acacia_planks":28},"minecraft:used":{"minecraft:iron_shovel":886,"minecraft:chest":2,"minecraft:shield":52,"minecraft:iron_sword":130,"minecraft:dirt":290,"minecraft:jungle_planks":24,"minecraft:wooden_axe":15,"minecraft:iron_axe":20,"minecraft:smooth_sandstone":7,"minecraft:iron_helmet":1,"minecraft:iron_boots":1,"minecraft:furnace":3,"minecraft:water_bucket":1,"minecraft:stone_pickaxe":16,"minecraft:wooden_pickaxe":14,"minecraft:green_bed":3,"minecraft:jungle_boat":1,"minecraft:crafting_table":12,"minecraft:blast_furnace":1,"minecraft:bread":53,"minecraft:iron_pickaxe":206,"minecraft:stone_axe":191,"minecraft:cobblestone":11,"minecraft:bucket":2},"minecraft:killed":{"minecraft:spider":3,"minecraft:skeleton":6,"minecraft:pig":3,"minecraft:iron_golem":2,"minecraft:bat":2,"minecraft:creeper":1,"minecraft:sheep":7,"minecraft:zombie":20,"minecraft:cow":2},"minecraft:mined":{"minecraft:farmland":42,"minecraft:jungle_leaves":3,"minecraft:acacia_log":35,"minecraft:grass_block":427,"minecraft:jungle_log":27,"minecraft:composter":2,"minecraft:hay_block":45,"minecraft:furnace":3,"minecraft:iron_ore":22,"minecraft:acacia_stairs":4,"minecraft:andesite":1,"minecraft:pumpkin":3,"minecraft:bell":1,"minecraft:dirt_path":88,"minecraft:vine":6,"minecraft:smooth_sandstone_stairs":6,"minecraft:stone":40,"minecraft:green_bed":7,"minecraft:orange_bed":1,"minecraft:cut_sandstone":24,"minecraft:acacia_leaves":1,"minecraft:jungle_door":1,"minecraft:red_bed":1,"minecraft:smooth_sandstone":58,"minecraft:crafting_table":11,"minecraft:short_grass":238,"minecraft:blast_furnace":1,"minecraft:chest":1,"minecraft:dead_bush":1,"minecraft:tall_grass":2,"minecraft:cyan_bed":1,"minecraft:sugar_cane":10,"minecraft:smooth_sandstone_slab":3,"minecraft:lime_bed":2,"minecraft:cactus":4,"minecraft:wheat":16,"minecraft:coal_ore":36,"minecraft:oak_log":4,"minecraft:cocoa":1,"minecraft:sand":45,"minecraft:dirt":119,"minecraft:terracotta":2,"minecraft:acacia_planks":13,"minecraft:gold_ore":28,"minecraft:oak_leaves":7,"minecraft:fern":2},"minecraft:picked_up":{"minecraft:cocoa_beans":9,"minecraft:crafting_table":11,"minecraft:wheat":7,"minecraft:wooden_pickaxe":1,"minecraft:acacia_pressure_plate":1,"minecraft:string":4,"minecraft:red_bed":1,"minecraft:wooden_sword":1,"minecraft:beef":3,"minecraft:poppy":2,"minecraft:iron_pickaxe":1,"minecraft:sugar_cane":10,"minecraft:chest":1,"minecraft:egg":1,"minecraft:furnace":3,"minecraft:raw_iron":22,"minecraft:stick":3,"minecraft:jungle_door":1,"minecraft:composter":2,"minecraft:green_bed":7,"minecraft:acacia_log":34,"minecraft:porkchop":7,"minecraft:smooth_sandstone_slab":3,"minecraft:orange_bed":1,"minecraft:arrow":13,"minecraft:cactus":8,"minecraft:rotten_flesh":15,"minecraft:hay_block":45,"minecraft:armadillo_scute":1,"minecraft:mutton":11,"minecraft:cobblestone":44,"minecraft:white_wool":7,"minecraft:lime_bed":2,"minecraft:jungle_boat":1,"minecraft:jungle_log":28,"minecraft:andesite":1,"minecraft:leather":3,"minecraft:cut_sandstone":24,"minecraft:smooth_sandstone_stairs":6,"minecraft:oak_log":4,"minecraft:gunpowder":2,"minecraft:dirt":709,"minecraft:smooth_sandstone":58,"minecraft:bone":10,"minecraft:acacia_planks":13,"minecraft:bow":1,"minecraft:wheat_seeds":108,"minecraft:raw_gold":28,"minecraft:bell":1,"minecraft:iron_ingot":16,"minecraft:acacia_sapling":4,"minecraft:green_dye":1,"minecraft:pumpkin":3,"minecraft:sand":44,"minecraft:jungle_planks":1,"minecraft:blast_furnace":1,"minecraft:cyan_bed":1,"minecraft:acacia_stairs":4,"minecraft:stone_axe":1,"minecraft:bread":1,"minecraft:terracotta":2,"minecraft:oak_sapling":3,"minecraft:coal":63}},"DataVersion":3953}