{"stats":{"minecraft:picked_up":{"minecraft:iron_chestplate":1,"minecraft:cocoa_beans":9,"minecraft:crafting_table":13,"minecraft:wheat":15,"minecraft:lead":4,"minecraft:wooden_pickaxe":1,"minecraft:acacia_pressure_plate":3,"minecraft:brewing_stand":2,"minecraft:shield":1,"minecraft:amethyst_block":4,"minecraft:string":6,"minecraft:red_bed":3,"minecraft:iron_axe":1,"minecraft:acacia_door":1,"minecraft:wooden_sword":1,"minecraft:iron_leggings":1,"minecraft:iron_shovel":2,"minecraft:cobbled_deepslate":11,"minecraft:beef":3,"minecraft:calcite":32,"minecraft:poppy":2,"minecraft:iron_pickaxe":2,"minecraft:sugar_cane":10,"minecraft:chest":2,"minecraft:iron_boots":1,"minecraft:furnace":6,"minecraft:egg":1,"minecraft:stick":15,"minecraft:raw_iron":76,"minecraft:jungle_door":1,"minecraft:acacia_fence":1,"minecraft:composter":4,"minecraft:torch":19,"minecraft:acacia_log":90,"minecraft:green_bed":9,"minecraft:porkchop":10,"minecraft:smooth_sandstone_slab":3,"minecraft:orange_bed":14,"minecraft:arrow":13,"minecraft:cactus":16,"minecraft:rotten_flesh":25,"minecraft:hay_block":59,"minecraft:armadillo_scute":1,"minecraft:yellow_terracotta":31,"minecraft:gold_ingot":28,"minecraft:mutton":22,"minecraft:cobblestone":93,"minecraft:white_wool":14,"minecraft:lime_bed":2,"minecraft:jungle_boat":6,"minecraft:water_bucket":1,"minecraft:andesite":6,"minecraft:jungle_log":28,"minecraft:cut_sandstone":48,"minecraft:leather":3,"minecraft:acacia_wood":10,"minecraft:flint":11,"minecraft:tuff":1,"minecraft:smooth_sandstone_stairs":6,"minecraft:oak_log":8,"minecraft:gunpowder":4,"minecraft:dirt":1306,"minecraft:smooth_sandstone":109,"minecraft:bone":13,"minecraft:acacia_planks":150,"minecraft:bow":1,"minecraft:wheat_seeds":224,"minecraft:raw_gold":28,"minecraft:bell":1,"minecraft:iron_ingot":18,"minecraft:iron_sword":1,"minecraft:acacia_sapling":21,"minecraft:green_dye":1,"minecraft:smooth_basalt":14,"minecraft:cooked_porkchop":3,"minecraft:pumpkin":3,"minecraft:gravel":12,"minecraft:jungle_planks":63,"minecraft:sand":97,"minecraft:blast_furnace":2,"minecraft:cyan_bed":1,"minecraft:acacia_stairs":52,"minecraft:diamond":5,"minecraft:stone_axe":1,"minecraft:iron_helmet":1,"minecraft:bread":30,"minecraft:terracotta":2,"minecraft:oak_sapling":4,"minecraft:melon_seeds":1,"minecraft:coal":87,"minecraft:ender_pearl":1},"minecraft:broken":{"minecraft:iron_shovel":4,"minecraft:stone_axe":1},"minecraft:dropped":{"minecraft:iron_ingot":3,"minecraft:bread":59,"minecraft:wheat_seeds":9,"minecraft:cobblestone":10,"minecraft:jungle_planks":2,"minecraft:torch":1,"minecraft:green_dye":2,"minecraft:jungle_door":1,"minecraft:wooden_sword":1,"minecraft:armadillo_scute":1,"minecraft:smooth_sandstone_slab":3,"minecraft:iron_pickaxe":1,"minecraft:iron_shovel":2,"minecraft:string":2,"minecraft:bone":9,"minecraft:stone_axe":1,"minecraft:smooth_sandstone_stairs":6,"minecraft:wheat":1,"minecraft:raw_iron":22,"minecraft:rotten_flesh":7,"minecraft:andesite":1,"minecraft:melon_seeds":1,"minecraft:acacia_sapling":2,"minecraft:bow":1,"minecraft:arrow":11,"minecraft:acacia_pressure_plate":3,"minecraft:terracotta":2},"minecraft:crafted":{"minecraft:furnace":2,"minecraft:acacia_fence_gate":2,"minecraft:iron_boots":1,"minecraft:iron_axe":1,"minecraft:stone_pickaxe":1,"minecraft:chest":3,"minecraft:wheat":396,"minecraft:crafting_table":3,"minecraft:jungle_boat":1,"minecraft:wooden_pickaxe":1,"minecraft:iron_helmet":1,"minecraft:iron_sword":1,"minecraft:fletching_table":2,"minecraft:stone_axe":1,"minecraft:bread":134,"minecraft:air":0,"minecraft:jungle_planks":112,"minecraft:shield":1,"minecraft:stick":40,"minecraft:iron_ingot":22,"minecraft:iron_pickaxe":2,"minecraft:wooden_axe":1,"minecraft:iron_shovel":6,"minecraft:iron_leggings":1,"minecraft:acacia_planks":360,"minecraft:torch":64},"minecraft:mined":{"minecraft:yellow_terracotta":31,"minecraft:tuff":1,"minecraft:farmland":42,"minecraft:deepslate_diamond_ore":6,"minecraft:jungle_leaves":3,"minecraft:brewing_stand":1,"minecraft:acacia_log":95,"minecraft:grass_block":538,"minecraft:jungle_planks":2,"minecraft:jungle_log":27,"minecraft:composter":2,"minecraft:acacia_pressure_plate":1,"minecraft:hay_block":52,"minecraft:furnace":4,"minecraft:iron_ore":55,"minecraft:acacia_wood":10,"minecraft:acacia_stairs":48,"minecraft:andesite":4,"minecraft:pumpkin":3,"minecraft:bell":1,"minecraft:vine":6,"minecraft:dirt_path":118,"minecraft:smooth_sandstone_stairs":6,"minecraft:stone":87,"minecraft:green_bed":9,"minecraft:orange_bed":13,"minecraft:cut_sandstone":24,"minecraft:acacia_leaves":30,"minecraft:glass_pane":3,"minecraft:jungle_door":1,"minecraft:red_bed":3,"minecraft:melon_stem":2,"minecraft:smooth_sandstone":58,"minecraft:crafting_table":12,"minecraft:torch":5,"minecraft:short_grass":273,"minecraft:blast_furnace":2,"minecraft:calcite":34,"minecraft:chest":2,"minecraft:dead_bush":1,"minecraft:tall_grass":2,"minecraft:cyan_bed":1,"minecraft:sugar_cane":10,"minecraft:smooth_sandstone_slab":3,"minecraft:wall_torch":1,"minecraft:amethyst_block":4,"minecraft:lime_bed":2,"minecraft:cactus":4,"minecraft:wheat":23,"minecraft:oak_log":4,"minecraft:coal_ore":36,"minecraft:cocoa":1,"minecraft:acacia_fence":1,"minecraft:gravel":8,"minecraft:acacia_door":1,"minecraft:sand":96,"minecraft:dirt":306,"minecraft:smooth_basalt":14,"minecraft:terracotta":2,"minecraft:acacia_planks":56,"minecraft:gold_ore":28,"minecraft:oak_leaves":7,"minecraft:deepslate":15,"minecraft:fern":2},"minecraft:used":{"minecraft:iron_shovel":1242,"minecraft:chest":4,"minecraft:shield":74,"minecraft:iron_sword":199,"minecraft:bell":1,"minecraft:orange_bed":12,"minecraft:torch":55,"minecraft:dirt":666,"minecraft:jungle_planks":24,"minecraft:wooden_axe":15,"minecraft:iron_axe":216,"minecraft:smooth_sandstone":7,"minecraft:iron_helmet":1,"minecraft:iron_boots":1,"minecraft:furnace":3,"minecraft:acacia_planks":312,"minecraft:water_bucket":68,"minecraft:stone_pickaxe":16,"minecraft:wooden_pickaxe":14,"minecraft:fletching_table":2,"minecraft:green_bed":7,"minecraft:jungle_boat":4,"minecraft:lime_bed":1,"minecraft:crafting_table":13,"minecraft:red_bed":3,"minecraft:blast_furnace":2,"minecraft:bread":93,"minecraft:iron_pickaxe":412,"minecraft:acacia_fence_gate":2,"minecraft:stone_axe":191,"minecraft:cobblestone":11,"minecraft:bucket":69},"minecraft:custom":{"minecraft:mob_kills":63,"minecraft:interact_with_crafting_table":50,"minecraft:bell_ring":1,"minecraft:leave_game":3,"minecraft:time_since_death":32751,"minecraft:climb_one_cm":614,"minecraft:sprint_one_cm":746605,"minecraft:walk_one_cm":790031,"minecraft:damage_blocked_by_shield":2289,"minecraft:drop":45,"minecraft:talked_to_villager":4,"minecraft:deaths":2,"minecraft:play_time":251902,"minecraft:sneak_time":14657,"minecraft:walk_under_water_one_cm":39535,"minecraft:boat_one_cm":121579,"minecraft:jump":4119,"minecraft:interact_with_blast_furnace":2,"minecraft:walk_on_water_one_cm":58794,"minecraft:total_world_time":251902,"minecraft:interact_with_furnace":15,"minecraft:sleep_in_bed":10,"minecraft:time_since_rest":32801,"minecraft:damage_taken":3552,"minecraft:damage_dealt":14303,"minecraft:swim_one_cm":37165,"minecraft:player_kills":5,"minecraft:fly_one_cm":774601,"minecraft:open_chest":58,"minecraft:crouch_one_cm":41178,"minecraft:fall_one_cm":78879},"minecraft:killed":{"minecraft:spider":3,"minecraft:skeleton":9,"minecraft:pig":3,"minecraft:iron_golem":2,"minecraft:bat":2,"minecraft:creeper":1,"minecraft:sheep":7,"minecraft:trader_llama":2,"minecraft:zombie":30,"minecraft:cow":2}},"DataVersion":3953}