{"stats":{"minecraft:custom":{"minecraft:mob_kills":56,"minecraft:interact_with_crafting_table":39,"minecraft:leave_game":2,"minecraft:time_since_death":153934,"minecraft:climb_one_cm":614,"minecraft:sprint_one_cm":492469,"minecraft:walk_one_cm":514962,"minecraft:damage_blocked_by_shield":1779,"minecraft:drop":38,"minecraft:talked_to_villager":2,"minecraft:play_time":153934,"minecraft:sneak_time":9385,"minecraft:walk_under_water_one_cm":5719,"minecraft:boat_one_cm":97699,"minecraft:jump":2568,"minecraft:interact_with_blast_furnace":2,"minecraft:walk_on_water_one_cm":15939,"minecraft:total_world_time":153934,"minecraft:interact_with_furnace":15,"minecraft:sleep_in_bed":5,"minecraft:time_since_rest":9490,"minecraft:damage_taken":1994,"minecraft:damage_dealt":12669,"minecraft:swim_one_cm":14116,"minecraft:fly_one_cm":524512,"minecraft:player_kills":5,"minecraft:open_chest":34,"minecraft:crouch_one_cm":28247,"minecraft:fall_one_cm":44817},"minecraft:dropped":{"minecraft:iron_ingot":3,"minecraft:bread":16,"minecraft:wheat_seeds":9,"minecraft:cobblestone":10,"minecraft:jungle_planks":2,"minecraft:torch":1,"minecraft:green_dye":2,"minecraft:jungle_door":1,"minecraft:wooden_sword":1,"minecraft:armadillo_scute":1,"minecraft:smooth_sandstone_slab":3,"minecraft:iron_pickaxe":1,"minecraft:string":2,"minecraft:bone":9,"minecraft:stone_axe":1,"minecraft:wheat":1,"minecraft:smooth_sandstone_stairs":6,"minecraft:rotten_flesh":7,"minecraft:andesite":1,"minecraft:melon_seeds":1,"minecraft:acacia_sapling":2,"minecraft:arrow":11,"minecraft:bow":1,"minecraft:acacia_pressure_plate":3,"minecraft:terracotta":2},"minecraft:broken":{"minecraft:iron_shovel":4,"minecraft:stone_axe":1},"minecraft:crafted":{"minecraft:furnace":2,"minecraft:iron_boots":1,"minecraft:iron_axe":1,"minecraft:stone_pickaxe":1,"minecraft:chest":3,"minecraft:wheat":198,"minecraft:crafting_table":2,"minecraft:jungle_boat":1,"minecraft:wooden_pickaxe":1,"minecraft:iron_helmet":1,"minecraft:iron_sword":1,"minecraft:stone_axe":1,"minecraft:bread":68,"minecraft:air":0,"minecraft:jungle_planks":112,"minecraft:shield":1,"minecraft:stick":24,"minecraft:iron_ingot":22,"minecraft:iron_pickaxe":2,"minecraft:wooden_axe":1,"minecraft:iron_shovel":4,"minecraft:iron_leggings":1,"minecraft:acacia_planks":28,"minecraft:torch":40},"minecraft:used":{"minecraft:iron_shovel":1228,"minecraft:chest":2,"minecraft:shield":54,"minecraft:iron_sword":165,"minecraft:torch":40,"minecraft:dirt":657,"minecraft:jungle_planks":24,"minecraft:wooden_axe":15,"minecraft:iron_axe":179,"minecraft:smooth_sandstone":7,"minecraft:iron_helmet":1,"minecraft:iron_boots":1,"minecraft:furnace":3,"minecraft:water_bucket":6,"minecraft:stone_pickaxe":16,"minecraft:wooden_pickaxe":14,"minecraft:green_bed":4,"minecraft:jungle_boat":1,"minecraft:crafting_table":12,"minecraft:blast_furnace":1,"minecraft:bread":64,"minecraft:iron_pickaxe":267,"minecraft:stone_axe":191,"minecraft:cobblestone":11,"minecraft:bucket":7},"minecraft:killed":{"minecraft:spider":3,"minecraft:skeleton":6,"minecraft:pig":3,"minecraft:iron_golem":2,"minecraft:bat":2,"minecraft:creeper":1,"minecraft:sheep":7,"minecraft:trader_llama":2,"minecraft:zombie":27,"minecraft:cow":2},"minecraft:picked_up":{"minecraft:cocoa_beans":9,"minecraft:crafting_table":11,"minecraft:wheat":8,"minecraft:lead":2,"minecraft:wooden_pickaxe":1,"minecraft:acacia_pressure_plate":3,"minecraft:string":4,"minecraft:red_bed":1,"minecraft:acacia_door":1,"minecraft:wooden_sword":1,"minecraft:beef":3,"minecraft:poppy":2,"minecraft:iron_pickaxe":1,"minecraft:sugar_cane":10,"minecraft:chest":1,"minecraft:egg":1,"minecraft:furnace":3,"minecraft:raw_iron":22,"minecraft:stick":14,"minecraft:jungle_door":1,"minecraft:acacia_fence":1,"minecraft:composter":2,"minecraft:torch":2,"minecraft:green_bed":8,"minecraft:acacia_log":77,"minecraft:porkchop":7,"minecraft:smooth_sandstone_slab":3,"minecraft:orange_bed":1,"minecraft:arrow":13,"minecraft:cactus":8,"minecraft:rotten_flesh":18,"minecraft:hay_block":45,"minecraft:armadillo_scute":1,"minecraft:yellow_terracotta":31,"minecraft:mutton":11,"minecraft:cobblestone":68,"minecraft:white_wool":7,"minecraft:lime_bed":2,"minecraft:jungle_boat":1,"minecraft:jungle_log":28,"minecraft:andesite":1,"minecraft:leather":3,"minecraft:cut_sandstone":24,"minecraft:acacia_wood":10,"minecraft:smooth_sandstone_stairs":6,"minecraft:oak_log":4,"minecraft:gunpowder":4,"minecraft:dirt":980,"minecraft:smooth_sandstone":58,"minecraft:bone":10,"minecraft:acacia_planks":39,"minecraft:bow":1,"minecraft:wheat_seeds":115,"minecraft:raw_gold":28,"minecraft:bell":1,"minecraft:iron_ingot":16,"minecraft:acacia_sapling":11,"minecraft:green_dye":1,"minecraft:pumpkin":3,"minecraft:sand":93,"minecraft:jungle_planks":5,"minecraft:blast_furnace":1,"minecraft:cyan_bed":1,"minecraft:acacia_stairs":48,"minecraft:stone_axe":1,"minecraft:bread":1,"minecraft:terracotta":2,"minecraft:oak_sapling":3,"minecraft:melon_seeds":1,"minecraft:coal":63},"minecraft:mined":{"minecraft:yellow_terracotta":31,"minecraft:farmland":42,"minecraft:jungle_leaves":3,"minecraft:acacia_log":81,"minecraft:grass_block":528,"minecraft:jungle_planks":2,"minecraft:jungle_log":27,"minecraft:composter":2,"minecraft:acacia_pressure_plate":1,"minecraft:hay_block":45,"minecraft:furnace":3,"minecraft:iron_ore":22,"minecraft:acacia_wood":10,"minecraft:acacia_stairs":48,"minecraft:andesite":1,"minecraft:pumpkin":3,"minecraft:bell":1,"minecraft:dirt_path":111,"minecraft:vine":6,"minecraft:smooth_sandstone_stairs":6,"minecraft:stone":64,"minecraft:green_bed":8,"minecraft:orange_bed":1,"minecraft:cut_sandstone":24,"minecraft:acacia_leaves":27,"minecraft:glass_pane":3,"minecraft:jungle_door":1,"minecraft:red_bed":1,"minecraft:melon_stem":2,"minecraft:smooth_sandstone":58,"minecraft:crafting_table":11,"minecraft:short_grass":273,"minecraft:blast_furnace":1,"minecraft:chest":1,"minecraft:dead_bush":1,"minecraft:tall_grass":2,"minecraft:cyan_bed":1,"minecraft:sugar_cane":10,"minecraft:smooth_sandstone_slab":3,"minecraft:wall_torch":1,"minecraft:lime_bed":2,"minecraft:cactus":4,"minecraft:wheat":23,"minecraft:coal_ore":36,"minecraft:oak_log":4,"minecraft:cocoa":1,"minecraft:acacia_fence":1,"minecraft:acacia_door":1,"minecraft:sand":94,"minecraft:dirt":279,"minecraft:terracotta":2,"minecraft:acacia_planks":39,"minecraft:gold_ore":28,"minecraft:oak_leaves":7,"minecraft:fern":2}},"DataVersion":3953}