{"stats":{"minecraft:custom":{"minecraft:mob_kills":15,"minecraft:interact_with_crafting_table":12,"minecraft:leave_game":2,"minecraft:time_since_death":45967,"minecraft:sleep_in_bed":3,"minecraft:climb_one_cm":614,"minecraft:time_since_rest":13599,"minecraft:sprint_one_cm":206575,"minecraft:damage_taken":626,"minecraft:walk_one_cm":127051,"minecraft:damage_blocked_by_shield":537,"minecraft:drop":10,"minecraft:damage_dealt":4782,"minecraft:swim_one_cm":1007,"minecraft:fly_one_cm":278001,"minecraft:player_kills":5,"minecraft:open_chest":11,"minecraft:crouch_one_cm":959,"minecraft:play_time":45967,"minecraft:sneak_time":881,"minecraft:walk_under_water_one_cm":482,"minecraft:boat_one_cm":64283,"minecraft:jump":1137,"minecraft:walk_on_water_one_cm":1583,"minecraft:total_world_time":45967,"minecraft:fall_one_cm":28272},"minecraft:dropped":{"minecraft:bread":16,"minecraft:iron_ingot":3,"minecraft:cobblestone":4,"minecraft:wooden_sword":1},"minecraft:crafted":{"minecraft:crafting_table":1,"minecraft:jungle_boat":1,"minecraft:wooden_pickaxe":1,"minecraft:stone_axe":1,"minecraft:bread":68,"minecraft:jungle_planks":112,"minecraft:shield":1,"minecraft:stick":12,"minecraft:iron_pickaxe":1,"minecraft:stone_pickaxe":1,"minecraft:wooden_axe":1,"minecraft:wheat":198},"minecraft:used":{"minecraft:stone_pickaxe":16,"minecraft:wooden_pickaxe":14,"minecraft:shield":21,"minecraft:green_bed":3,"minecraft:jungle_boat":1,"minecraft:dirt":4,"minecraft:crafting_table":8,"minecraft:jungle_planks":13,"minecraft:wooden_axe":15,"minecraft:bread":23,"minecraft:iron_pickaxe":94,"minecraft:stone_axe":106,"minecraft:cobblestone":11},"minecraft:killed":{"minecraft:pig":3,"minecraft:iron_golem":2,"minecraft:sheep":7,"minecraft:zombie":1,"minecraft:cow":2},"minecraft:mined":{"minecraft:cut_sandstone":24,"minecraft:jungle_door":1,"minecraft:jungle_leaves":3,"minecraft:smooth_sandstone":58,"minecraft:crafting_table":9,"minecraft:short_grass":13,"minecraft:grass_block":3,"minecraft:chest":1,"minecraft:jungle_log":27,"minecraft:tall_grass":1,"minecraft:cyan_bed":1,"minecraft:smooth_sandstone_slab":3,"minecraft:hay_block":23,"minecraft:lime_bed":2,"minecraft:iron_ore":3,"minecraft:pumpkin":3,"minecraft:cocoa":1,"minecraft:vine":6,"minecraft:sand":1,"minecraft:dirt":5,"minecraft:smooth_sandstone_stairs":6,"minecraft:terracotta":2,"minecraft:stone":18,"minecraft:oak_leaves":6,"minecraft:green_bed":7,"minecraft:fern":2},"minecraft:picked_up":{"minecraft:cocoa_beans":9,"minecraft:lime_bed":2,"minecraft:crafting_table":9,"minecraft:jungle_log":28,"minecraft:leather":3,"minecraft:cut_sandstone":24,"minecraft:wooden_pickaxe":1,"minecraft:smooth_sandstone_stairs":6,"minecraft:dirt":8,"minecraft:wooden_sword":1,"minecraft:smooth_sandstone":58,"minecraft:bone":1,"minecraft:wheat_seeds":5,"minecraft:beef":3,"minecraft:iron_ingot":8,"minecraft:poppy":2,"minecraft:chest":1,"minecraft:green_dye":1,"minecraft:egg":1,"minecraft:raw_iron":3,"minecraft:jungle_door":1,"minecraft:pumpkin":3,"minecraft:green_bed":7,"minecraft:porkchop":7,"minecraft:cyan_bed":1,"minecraft:smooth_sandstone_slab":3,"minecraft:rotten_flesh":1,"minecraft:arrow":2,"minecraft:stone_axe":1,"minecraft:hay_block":23,"minecraft:bread":1,"minecraft:terracotta":2,"minecraft:oak_sapling":2,"minecraft:mutton":11,"minecraft:white_wool":7,"minecraft:cobblestone":22}},"DataVersion":3953}