{"stats":{"minecraft:picked_up":{"minecraft:crafting_table":3,"minecraft:green_bed":1,"minecraft:hay_block":22,"minecraft:bread":1},"minecraft:dropped":{"minecraft:bread":1},"minecraft:used":{"minecraft:crafting_table":2,"minecraft:bread":1},"minecraft:mined":{"minecraft:hay_block":22,"minecraft:crafting_table":3,"minecraft:green_bed":1},"minecraft:crafted":{"minecraft:bread":68,"minecraft:wheat":198},"minecraft:custom":{"minecraft:time_since_rest":5767,"minecraft:open_chest":4,"minecraft:crouch_one_cm":284,"minecraft:play_time":5767,"minecraft:sprint_one_cm":27342,"minecraft:damage_taken":10,"minecraft:walk_one_cm":20440,"minecraft:sneak_time":42,"minecraft:drop":1,"minecraft:jump":111,"minecraft:time_since_death":5767,"minecraft:total_world_time":5767,"minecraft:fall_one_cm":3135,"minecraft:interact_with_crafting_table":2,"minecraft:fly_one_cm":29076}},"DataVersion":3953}