{"stats":{"minecraft:picked_up":{"minecraft:raw_iron":3,"minecraft:cocoa_beans":9,"minecraft:crafting_table":7,"minecraft:jungle_log":7,"minecraft:wooden_pickaxe":1,"minecraft:green_bed":2,"minecraft:dirt":8,"minecraft:wooden_sword":1,"minecraft:wheat_seeds":1,"minecraft:hay_block":23,"minecraft:iron_ingot":3,"minecraft:poppy":2,"minecraft:bread":1,"minecraft:oak_sapling":1,"minecraft:cobblestone":18},"minecraft:dropped":{"minecraft:bread":16},"minecraft:used":{"minecraft:wooden_axe":15,"minecraft:bread":7,"minecraft:stone_pickaxe":16,"minecraft:shield":2,"minecraft:wooden_pickaxe":14,"minecraft:green_bed":1,"minecraft:stone_axe":11,"minecraft:dirt":4,"minecraft:cobblestone":8,"minecraft:crafting_table":6},"minecraft:killed":{"minecraft:iron_golem":1},"minecraft:mined":{"minecraft:hay_block":23,"minecraft:iron_ore":3,"minecraft:jungle_leaves":2,"minecraft:crafting_table":7,"minecraft:short_grass":2,"minecraft:grass_block":3,"minecraft:cocoa":1,"minecraft:vine":2,"minecraft:jungle_log":7,"minecraft:dirt":5,"minecraft:stone":18,"minecraft:oak_leaves":2,"minecraft:green_bed":2,"minecraft:fern":2},"minecraft:crafted":{"minecraft:shield":1,"minecraft:stick":8,"minecraft:wooden_pickaxe":1,"minecraft:stone_pickaxe":1,"minecraft:wooden_axe":1,"minecraft:stone_axe":1,"minecraft:bread":68,"minecraft:jungle_planks":28,"minecraft:wheat":198},"minecraft:custom":{"minecraft:time_since_rest":11673,"minecraft:sprint_one_cm":73359,"minecraft:damage_taken":129,"minecraft:walk_one_cm":50170,"minecraft:damage_blocked_by_shield":199,"minecraft:mob_kills":1,"minecraft:drop":2,"minecraft:damage_dealt":1185,"minecraft:swim_one_cm":1007,"minecraft:fly_one_cm":112777,"minecraft:interact_with_crafting_table":9,"minecraft:open_chest":6,"minecraft:crouch_one_cm":819,"minecraft:play_time":17767,"minecraft:walk_under_water_one_cm":340,"minecraft:sneak_time":510,"minecraft:jump":472,"minecraft:walk_on_water_one_cm":1195,"minecraft:time_since_death":17767,"minecraft:sleep_in_bed":1,"minecraft:total_world_time":17767,"minecraft:climb_one_cm":252,"minecraft:fall_one_cm":12758}},"DataVersion":3953}