{"stats":{"minecraft:picked_up":{"minecraft:raw_iron":3,"minecraft:cocoa_beans":9,"minecraft:crafting_table":8,"minecraft:pumpkin":3,"minecraft:jungle_log":22,"minecraft:cut_sandstone":8,"minecraft:leather":3,"minecraft:wooden_pickaxe":1,"minecraft:green_bed":2,"minecraft:dirt":8,"minecraft:smooth_sandstone":21,"minecraft:wooden_sword":1,"minecraft:arrow":2,"minecraft:bone":1,"minecraft:rotten_flesh":1,"minecraft:wheat_seeds":3,"minecraft:hay_block":23,"minecraft:beef":3,"minecraft:iron_ingot":8,"minecraft:poppy":2,"minecraft:bread":1,"minecraft:oak_sapling":2,"minecraft:cobblestone":22,"minecraft:egg":1},"minecraft:dropped":{"minecraft:iron_ingot":3,"minecraft:bread":16,"minecraft:cobblestone":4,"minecraft:wooden_sword":1},"minecraft:used":{"minecraft:wooden_axe":15,"minecraft:bread":14,"minecraft:stone_pickaxe":16,"minecraft:iron_pickaxe":29,"minecraft:shield":3,"minecraft:wooden_pickaxe":14,"minecraft:green_bed":2,"minecraft:stone_axe":58,"minecraft:dirt":4,"minecraft:cobblestone":11,"minecraft:crafting_table":7,"minecraft:jungle_planks":1},"minecraft:killed":{"minecraft:zombie":1,"minecraft:iron_golem":2,"minecraft:cow":2},"minecraft:mined":{"minecraft:hay_block":23,"minecraft:cut_sandstone":8,"minecraft:iron_ore":3,"minecraft:jungle_leaves":2,"minecraft:smooth_sandstone":21,"minecraft:pumpkin":3,"minecraft:crafting_table":8,"minecraft:short_grass":6,"minecraft:grass_block":3,"minecraft:cocoa":1,"minecraft:vine":5,"minecraft:jungle_log":21,"minecraft:sand":1,"minecraft:dirt":5,"minecraft:tall_grass":1,"minecraft:stone":18,"minecraft:oak_leaves":6,"minecraft:green_bed":2,"minecraft:fern":2},"minecraft:crafted":{"minecraft:shield":1,"minecraft:stick":12,"minecraft:iron_pickaxe":1,"minecraft:wooden_pickaxe":1,"minecraft:stone_pickaxe":1,"minecraft:wooden_axe":1,"minecraft:stone_axe":1,"minecraft:bread":68,"minecraft:jungle_planks":88,"minecraft:wheat":198},"minecraft:custom":{"minecraft:time_since_rest":10086,"minecraft:sprint_one_cm":138683,"minecraft:damage_taken":291,"minecraft:walk_one_cm":84517,"minecraft:damage_blocked_by_shield":212,"minecraft:mob_kills":5,"minecraft:drop":10,"minecraft:damage_dealt":2816,"minecraft:player_kills":1,"minecraft:swim_one_cm":1007,"minecraft:fly_one_cm":193098,"minecraft:interact_with_crafting_table":11,"minecraft:open_chest":9,"minecraft:crouch_one_cm":880,"minecraft:play_time":29767,"minecraft:walk_under_water_one_cm":340,"minecraft:sneak_time":820,"minecraft:jump":807,"minecraft:walk_on_water_one_cm":1195,"minecraft:time_since_death":29767,"minecraft:sleep_in_bed":2,"minecraft:total_world_time":29767,"minecraft:climb_one_cm":614,"minecraft:fall_one_cm":20365}},"DataVersion":3953}