{"stats":{"minecraft:custom":{"minecraft:mob_kills":56,"minecraft:interact_with_crafting_table":40,"minecraft:leave_game":2,"minecraft:time_since_death":177934,"minecraft:climb_one_cm":614,"minecraft:sprint_one_cm":553904,"minecraft:walk_one_cm":600090,"minecraft:damage_blocked_by_shield":1779,"minecraft:drop":38,"minecraft:talked_to_villager":2,"minecraft:play_time":177934,"minecraft:sneak_time":10029,"minecraft:walk_under_water_one_cm":7328,"minecraft:boat_one_cm":97699,"minecraft:jump":2867,"minecraft:interact_with_blast_furnace":2,"minecraft:walk_on_water_one_cm":20941,"minecraft:total_world_time":177934,"minecraft:interact_with_furnace":15,"minecraft:sleep_in_bed":7,"minecraft:time_since_rest":2325,"minecraft:damage_taken":2034,"minecraft:damage_dealt":12669,"minecraft:swim_one_cm":15073,"minecraft:fly_one_cm":593526,"minecraft:player_kills":5,"minecraft:open_chest":49,"minecraft:crouch_one_cm":29091,"minecraft:fall_one_cm":47833},"minecraft:dropped":{"minecraft:iron_ingot":3,"minecraft:bread":16,"minecraft:wheat_seeds":9,"minecraft:cobblestone":10,"minecraft:jungle_planks":2,"minecraft:torch":1,"minecraft:green_dye":2,"minecraft:jungle_door":1,"minecraft:wooden_sword":1,"minecraft:armadillo_scute":1,"minecraft:smooth_sandstone_slab":3,"minecraft:iron_pickaxe":1,"minecraft:string":2,"minecraft:bone":9,"minecraft:stone_axe":1,"minecraft:wheat":1,"minecraft:smooth_sandstone_stairs":6,"minecraft:rotten_flesh":7,"minecraft:andesite":1,"minecraft:melon_seeds":1,"minecraft:acacia_sapling":2,"minecraft:arrow":11,"minecraft:bow":1,"minecraft:acacia_pressure_plate":3,"minecraft:terracotta":2},"minecraft:broken":{"minecraft:iron_shovel":4,"minecraft:stone_axe":1},"minecraft:crafted":{"minecraft:furnace":2,"minecraft:acacia_fence_gate":2,"minecraft:iron_boots":1,"minecraft:iron_axe":1,"minecraft:stone_pickaxe":1,"minecraft:chest":3,"minecraft:wheat":198,"minecraft:crafting_table":2,"minecraft:jungle_boat":1,"minecraft:wooden_pickaxe":1,"minecraft:iron_helmet":1,"minecraft:iron_sword":1,"minecraft:stone_axe":1,"minecraft:bread":68,"minecraft:air":0,"minecraft:jungle_planks":112,"minecraft:shield":1,"minecraft:stick":40,"minecraft:iron_ingot":22,"minecraft:iron_pickaxe":2,"minecraft:wooden_axe":1,"minecraft:iron_shovel":4,"minecraft:iron_leggings":1,"minecraft:acacia_planks":360,"minecraft:torch":64},"minecraft:used":{"minecraft:iron_shovel":1228,"minecraft:chest":4,"minecraft:shield":54,"minecraft:iron_sword":165,"minecraft:orange_bed":1,"minecraft:torch":55,"minecraft:dirt":658,"minecraft:jungle_planks":24,"minecraft:wooden_axe":15,"minecraft:iron_axe":213,"minecraft:smooth_sandstone":7,"minecraft:iron_helmet":1,"minecraft:iron_boots":1,"minecraft:furnace":3,"minecraft:acacia_planks":280,"minecraft:water_bucket":6,"minecraft:stone_pickaxe":16,"minecraft:wooden_pickaxe":14,"minecraft:green_bed":7,"minecraft:jungle_boat":1,"minecraft:lime_bed":1,"minecraft:crafting_table":13,"minecraft:red_bed":1,"minecraft:blast_furnace":1,"minecraft:bread":68,"minecraft:iron_pickaxe":269,"minecraft:acacia_fence_gate":2,"minecraft:stone_axe":191,"minecraft:cobblestone":11,"minecraft:bucket":7},"minecraft:killed":{"minecraft:spider":3,"minecraft:skeleton":6,"minecraft:pig":3,"minecraft:iron_golem":2,"minecraft:bat":2,"minecraft:creeper":1,"minecraft:sheep":7,"minecraft:trader_llama":2,"minecraft:zombie":27,"minecraft:cow":2},"minecraft:picked_up":{"minecraft:cocoa_beans":9,"minecraft:crafting_table":12,"minecraft:wheat":15,"minecraft:lead":4,"minecraft:wooden_pickaxe":1,"minecraft:acacia_pressure_plate":3,"minecraft:string":4,"minecraft:red_bed":3,"minecraft:acacia_door":1,"minecraft:wooden_sword":1,"minecraft:beef":3,"minecraft:poppy":2,"minecraft:iron_pickaxe":1,"minecraft:sugar_cane":10,"minecraft:chest":2,"minecraft:egg":1,"minecraft:furnace":6,"minecraft:raw_iron":22,"minecraft:stick":14,"minecraft:jungle_door":1,"minecraft:acacia_fence":1,"minecraft:composter":4,"minecraft:torch":6,"minecraft:green_bed":9,"minecraft:acacia_log":90,"minecraft:porkchop":10,"minecraft:smooth_sandstone_slab":3,"minecraft:orange_bed":4,"minecraft:arrow":13,"minecraft:cactus":16,"minecraft:rotten_flesh":25,"minecraft:hay_block":45,"minecraft:armadillo_scute":1,"minecraft:yellow_terracotta":31,"minecraft:gold_ingot":28,"minecraft:mutton":22,"minecraft:cobblestone":68,"minecraft:white_wool":14,"minecraft:lime_bed":2,"minecraft:jungle_boat":2,"minecraft:jungle_log":28,"minecraft:andesite":1,"minecraft:leather":3,"minecraft:cut_sandstone":48,"minecraft:acacia_wood":10,"minecraft:smooth_sandstone_stairs":6,"minecraft:oak_log":8,"minecraft:gunpowder":4,"minecraft:dirt":1236,"minecraft:smooth_sandstone":109,"minecraft:bone":10,"minecraft:acacia_planks":73,"minecraft:bow":1,"minecraft:wheat_seeds":218,"minecraft:raw_gold":28,"minecraft:bell":1,"minecraft:iron_ingot":18,"minecraft:acacia_sapling":20,"minecraft:green_dye":1,"minecraft:cooked_porkchop":3,"minecraft:pumpkin":3,"minecraft:sand":93,"minecraft:jungle_planks":63,"minecraft:blast_furnace":2,"minecraft:cyan_bed":1,"minecraft:acacia_stairs":52,"minecraft:stone_axe":1,"minecraft:bread":1,"minecraft:terracotta":2,"minecraft:oak_sapling":4,"minecraft:melon_seeds":1,"minecraft:coal":87},"minecraft:mined":{"minecraft:yellow_terracotta":31,"minecraft:farmland":42,"minecraft:jungle_leaves":3,"minecraft:acacia_log":95,"minecraft:grass_block":529,"minecraft:jungle_planks":2,"minecraft:jungle_log":27,"minecraft:composter":2,"minecraft:acacia_pressure_plate":1,"minecraft:hay_block":45,"minecraft:furnace":4,"minecraft:iron_ore":22,"minecraft:acacia_wood":10,"minecraft:acacia_stairs":48,"minecraft:andesite":1,"minecraft:pumpkin":3,"minecraft:bell":1,"minecraft:dirt_path":111,"minecraft:vine":6,"minecraft:smooth_sandstone_stairs":6,"minecraft:stone":64,"minecraft:green_bed":9,"minecraft:orange_bed":4,"minecraft:cut_sandstone":24,"minecraft:acacia_leaves":30,"minecraft:glass_pane":3,"minecraft:jungle_door":1,"minecraft:red_bed":3,"minecraft:melon_stem":2,"minecraft:smooth_sandstone":58,"minecraft:crafting_table":12,"minecraft:torch":5,"minecraft:short_grass":273,"minecraft:blast_furnace":2,"minecraft:chest":2,"minecraft:dead_bush":1,"minecraft:tall_grass":2,"minecraft:cyan_bed":1,"minecraft:sugar_cane":10,"minecraft:smooth_sandstone_slab":3,"minecraft:wall_torch":1,"minecraft:lime_bed":2,"minecraft:cactus":4,"minecraft:wheat":23,"minecraft:coal_ore":36,"minecraft:oak_log":4,"minecraft:cocoa":1,"minecraft:acacia_fence":1,"minecraft:acacia_door":1,"minecraft:sand":94,"minecraft:dirt":286,"minecraft:terracotta":2,"minecraft:acacia_planks":53,"minecraft:gold_ore":28,"minecraft:oak_leaves":7,"minecraft:fern":2}},"DataVersion":3953}