{"stats":{"minecraft:custom":{"minecraft:mob_kills":53,"minecraft:interact_with_crafting_table":36,"minecraft:leave_game":2,"minecraft:time_since_death":141934,"minecraft:climb_one_cm":614,"minecraft:sprint_one_cm":451818,"minecraft:walk_one_cm":478530,"minecraft:damage_blocked_by_shield":1749,"minecraft:drop":33,"minecraft:talked_to_villager":2,"minecraft:play_time":141934,"minecraft:sneak_time":8523,"minecraft:walk_under_water_one_cm":2404,"minecraft:boat_one_cm":97699,"minecraft:jump":2338,"minecraft:interact_with_blast_furnace":1,"minecraft:walk_on_water_one_cm":11685,"minecraft:total_world_time":141934,"minecraft:interact_with_furnace":15,"minecraft:sleep_in_bed":4,"minecraft:time_since_rest":75276,"minecraft:damage_taken":1720,"minecraft:damage_dealt":12019,"minecraft:swim_one_cm":8725,"minecraft:fly_one_cm":474968,"minecraft:player_kills":5,"minecraft:open_chest":31,"minecraft:crouch_one_cm":27333,"minecraft:fall_one_cm":42862},"minecraft:dropped":{"minecraft:iron_ingot":3,"minecraft:bread":16,"minecraft:wheat_seeds":9,"minecraft:cobblestone":10,"minecraft:jungle_planks":2,"minecraft:green_dye":2,"minecraft:jungle_door":1,"minecraft:wooden_sword":1,"minecraft:smooth_sandstone_slab":3,"minecraft:iron_pickaxe":1,"minecraft:string":2,"minecraft:bone":9,"minecraft:stone_axe":1,"minecraft:smooth_sandstone_stairs":6,"minecraft:rotten_flesh":7,"minecraft:andesite":1,"minecraft:melon_seeds":1,"minecraft:acacia_sapling":2,"minecraft:arrow":11,"minecraft:bow":1,"minecraft:acacia_pressure_plate":1,"minecraft:terracotta":2},"minecraft:broken":{"minecraft:iron_shovel":3,"minecraft:stone_axe":1},"minecraft:crafted":{"minecraft:furnace":2,"minecraft:iron_boots":1,"minecraft:iron_axe":1,"minecraft:stone_pickaxe":1,"minecraft:chest":1,"minecraft:wheat":198,"minecraft:crafting_table":2,"minecraft:jungle_boat":1,"minecraft:wooden_pickaxe":1,"minecraft:iron_helmet":1,"minecraft:iron_sword":1,"minecraft:stone_axe":1,"minecraft:bread":68,"minecraft:air":0,"minecraft:jungle_planks":112,"minecraft:shield":1,"minecraft:stick":24,"minecraft:iron_ingot":22,"minecraft:iron_pickaxe":2,"minecraft:wooden_axe":1,"minecraft:iron_shovel":4,"minecraft:iron_leggings":1,"minecraft:acacia_planks":28},"minecraft:used":{"minecraft:iron_shovel":1213,"minecraft:chest":2,"minecraft:shield":53,"minecraft:iron_sword":153,"minecraft:dirt":625,"minecraft:jungle_planks":24,"minecraft:wooden_axe":15,"minecraft:iron_axe":158,"minecraft:smooth_sandstone":7,"minecraft:iron_helmet":1,"minecraft:iron_boots":1,"minecraft:furnace":3,"minecraft:water_bucket":1,"minecraft:stone_pickaxe":16,"minecraft:wooden_pickaxe":14,"minecraft:green_bed":3,"minecraft:jungle_boat":1,"minecraft:crafting_table":12,"minecraft:blast_furnace":1,"minecraft:bread":57,"minecraft:iron_pickaxe":266,"minecraft:stone_axe":191,"minecraft:cobblestone":11,"minecraft:bucket":2},"minecraft:killed":{"minecraft:spider":3,"minecraft:skeleton":6,"minecraft:pig":3,"minecraft:iron_golem":2,"minecraft:bat":2,"minecraft:creeper":1,"minecraft:sheep":7,"minecraft:trader_llama":2,"minecraft:zombie":24,"minecraft:cow":2},"minecraft:picked_up":{"minecraft:cocoa_beans":9,"minecraft:crafting_table":11,"minecraft:wheat":8,"minecraft:lead":2,"minecraft:wooden_pickaxe":1,"minecraft:acacia_pressure_plate":2,"minecraft:string":4,"minecraft:red_bed":1,"minecraft:acacia_door":1,"minecraft:wooden_sword":1,"minecraft:beef":3,"minecraft:poppy":2,"minecraft:iron_pickaxe":1,"minecraft:sugar_cane":10,"minecraft:chest":1,"minecraft:egg":1,"minecraft:furnace":3,"minecraft:raw_iron":22,"minecraft:stick":11,"minecraft:jungle_door":1,"minecraft:acacia_fence":1,"minecraft:composter":2,"minecraft:torch":1,"minecraft:green_bed":7,"minecraft:acacia_log":74,"minecraft:porkchop":7,"minecraft:smooth_sandstone_slab":3,"minecraft:orange_bed":1,"minecraft:arrow":13,"minecraft:cactus":8,"minecraft:rotten_flesh":17,"minecraft:hay_block":45,"minecraft:armadillo_scute":1,"minecraft:yellow_terracotta":28,"minecraft:mutton":11,"minecraft:cobblestone":67,"minecraft:white_wool":7,"minecraft:lime_bed":2,"minecraft:jungle_boat":1,"minecraft:jungle_log":28,"minecraft:andesite":1,"minecraft:leather":3,"minecraft:cut_sandstone":24,"minecraft:acacia_wood":3,"minecraft:smooth_sandstone_stairs":6,"minecraft:oak_log":4,"minecraft:gunpowder":4,"minecraft:dirt":956,"minecraft:smooth_sandstone":58,"minecraft:bone":10,"minecraft:acacia_planks":37,"minecraft:bow":1,"minecraft:wheat_seeds":115,"minecraft:raw_gold":28,"minecraft:bell":1,"minecraft:iron_ingot":16,"minecraft:acacia_sapling":10,"minecraft:green_dye":1,"minecraft:pumpkin":3,"minecraft:sand":64,"minecraft:jungle_planks":5,"minecraft:blast_furnace":1,"minecraft:cyan_bed":1,"minecraft:acacia_stairs":44,"minecraft:stone_axe":1,"minecraft:bread":1,"minecraft:terracotta":2,"minecraft:oak_sapling":3,"minecraft:melon_seeds":1,"minecraft:coal":63},"minecraft:mined":{"minecraft:yellow_terracotta":31,"minecraft:farmland":42,"minecraft:jungle_leaves":3,"minecraft:acacia_log":75,"minecraft:grass_block":524,"minecraft:jungle_planks":2,"minecraft:jungle_log":27,"minecraft:composter":2,"minecraft:acacia_pressure_plate":1,"minecraft:hay_block":45,"minecraft:furnace":3,"minecraft:iron_ore":22,"minecraft:acacia_wood":10,"minecraft:acacia_stairs":48,"minecraft:andesite":1,"minecraft:pumpkin":3,"minecraft:bell":1,"minecraft:dirt_path":110,"minecraft:vine":6,"minecraft:smooth_sandstone_stairs":6,"minecraft:stone":63,"minecraft:green_bed":7,"minecraft:orange_bed":1,"minecraft:cut_sandstone":24,"minecraft:acacia_leaves":16,"minecraft:glass_pane":3,"minecraft:jungle_door":1,"minecraft:red_bed":1,"minecraft:melon_stem":2,"minecraft:smooth_sandstone":58,"minecraft:crafting_table":11,"minecraft:short_grass":273,"minecraft:blast_furnace":1,"minecraft:chest":1,"minecraft:dead_bush":1,"minecraft:tall_grass":2,"minecraft:cyan_bed":1,"minecraft:sugar_cane":10,"minecraft:smooth_sandstone_slab":3,"minecraft:wall_torch":1,"minecraft:lime_bed":2,"minecraft:cactus":4,"minecraft:wheat":23,"minecraft:coal_ore":36,"minecraft:oak_log":4,"minecraft:cocoa":1,"minecraft:acacia_fence":1,"minecraft:acacia_door":1,"minecraft:sand":94,"minecraft:dirt":258,"minecraft:terracotta":2,"minecraft:acacia_planks":39,"minecraft:gold_ore":28,"minecraft:oak_leaves":7,"minecraft:fern":2}},"DataVersion":3953}