{"stats":{"minecraft:custom":{"minecraft:mob_kills":20,"minecraft:interact_with_crafting_table":12,"minecraft:leave_game":2,"minecraft:time_since_death":51934,"minecraft:sleep_in_bed":3,"minecraft:climb_one_cm":614,"minecraft:time_since_rest":19566,"minecraft:sprint_one_cm":223710,"minecraft:damage_taken":856,"minecraft:walk_one_cm":145144,"minecraft:damage_blocked_by_shield":917,"minecraft:drop":10,"minecraft:damage_dealt":5824,"minecraft:swim_one_cm":1007,"minecraft:player_kills":5,"minecraft:fly_one_cm":298219,"minecraft:open_chest":13,"minecraft:crouch_one_cm":1259,"minecraft:play_time":51934,"minecraft:sneak_time":1120,"minecraft:walk_under_water_one_cm":531,"minecraft:boat_one_cm":97699,"minecraft:jump":1246,"minecraft:walk_on_water_one_cm":4198,"minecraft:total_world_time":51934,"minecraft:fall_one_cm":30900},"minecraft:dropped":{"minecraft:iron_ingot":3,"minecraft:bread":16,"minecraft:cobblestone":4,"minecraft:wooden_sword":1},"minecraft:crafted":{"minecraft:crafting_table":1,"minecraft:jungle_boat":1,"minecraft:wooden_pickaxe":1,"minecraft:stone_axe":1,"minecraft:bread":68,"minecraft:jungle_planks":112,"minecraft:shield":1,"minecraft:stick":12,"minecraft:iron_pickaxe":1,"minecraft:stone_pickaxe":1,"minecraft:wooden_axe":1,"minecraft:wheat":198},"minecraft:used":{"minecraft:stone_pickaxe":16,"minecraft:chest":1,"minecraft:wooden_pickaxe":14,"minecraft:shield":34,"minecraft:green_bed":3,"minecraft:jungle_boat":1,"minecraft:dirt":4,"minecraft:crafting_table":8,"minecraft:jungle_planks":13,"minecraft:wooden_axe":15,"minecraft:bread":27,"minecraft:smooth_sandstone":7,"minecraft:iron_pickaxe":114,"minecraft:stone_axe":128,"minecraft:cobblestone":11},"minecraft:killed":{"minecraft:pig":3,"minecraft:spider":1,"minecraft:iron_golem":2,"minecraft:sheep":7,"minecraft:skeleton":2,"minecraft:zombie":3,"minecraft:cow":2},"minecraft:mined":{"minecraft:cut_sandstone":24,"minecraft:jungle_door":1,"minecraft:jungle_leaves":3,"minecraft:smooth_sandstone":58,"minecraft:crafting_table":9,"minecraft:short_grass":13,"minecraft:grass_block":3,"minecraft:chest":1,"minecraft:jungle_log":27,"minecraft:tall_grass":1,"minecraft:cyan_bed":1,"minecraft:sugar_cane":7,"minecraft:smooth_sandstone_slab":3,"minecraft:hay_block":23,"minecraft:lime_bed":2,"minecraft:iron_ore":5,"minecraft:pumpkin":3,"minecraft:coal_ore":10,"minecraft:cocoa":1,"minecraft:vine":6,"minecraft:dirt":5,"minecraft:sand":1,"minecraft:smooth_sandstone_stairs":6,"minecraft:terracotta":2,"minecraft:stone":20,"minecraft:gold_ore":6,"minecraft:oak_leaves":6,"minecraft:green_bed":7,"minecraft:fern":2},"minecraft:picked_up":{"minecraft:lime_bed":2,"minecraft:cocoa_beans":9,"minecraft:crafting_table":9,"minecraft:jungle_boat":1,"minecraft:jungle_log":28,"minecraft:cut_sandstone":24,"minecraft:leather":3,"minecraft:wooden_pickaxe":1,"minecraft:smooth_sandstone_stairs":6,"minecraft:string":1,"minecraft:dirt":8,"minecraft:wooden_sword":1,"minecraft:smooth_sandstone":58,"minecraft:bone":2,"minecraft:wheat_seeds":5,"minecraft:raw_gold":6,"minecraft:beef":3,"minecraft:iron_ingot":8,"minecraft:poppy":2,"minecraft:sugar_cane":10,"minecraft:chest":1,"minecraft:green_dye":1,"minecraft:egg":1,"minecraft:raw_iron":5,"minecraft:jungle_door":1,"minecraft:pumpkin":3,"minecraft:green_bed":7,"minecraft:porkchop":7,"minecraft:cyan_bed":1,"minecraft:smooth_sandstone_slab":3,"minecraft:arrow":3,"minecraft:rotten_flesh":5,"minecraft:stone_axe":1,"minecraft:hay_block":23,"minecraft:bread":1,"minecraft:terracotta":2,"minecraft:oak_sapling":2,"minecraft:coal":10,"minecraft:mutton":11,"minecraft:white_wool":7,"minecraft:cobblestone":24}},"DataVersion":3953}