{"stats":{"minecraft:custom":{"minecraft:interact_with_furnace":15,"minecraft:mob_kills":31,"minecraft:interact_with_crafting_table":26,"minecraft:leave_game":2,"minecraft:time_since_death":63934,"minecraft:sleep_in_bed":3,"minecraft:climb_one_cm":614,"minecraft:time_since_rest":31566,"minecraft:sprint_one_cm":247429,"minecraft:damage_taken":1259,"minecraft:walk_one_cm":184628,"minecraft:damage_blocked_by_shield":1301,"minecraft:drop":13,"minecraft:damage_dealt":7607,"minecraft:swim_one_cm":1007,"minecraft:player_kills":5,"minecraft:fly_one_cm":323602,"minecraft:open_chest":14,"minecraft:crouch_one_cm":1592,"minecraft:play_time":63934,"minecraft:sneak_time":1231,"minecraft:walk_under_water_one_cm":531,"minecraft:boat_one_cm":97699,"minecraft:jump":1439,"minecraft:walk_on_water_one_cm":4198,"minecraft:total_world_time":63934,"minecraft:fall_one_cm":33170},"minecraft:dropped":{"minecraft:iron_ingot":3,"minecraft:bread":16,"minecraft:cobblestone":4,"minecraft:andesite":1,"minecraft:jungle_door":1,"minecraft:wooden_sword":1,"minecraft:bow":1},"minecraft:crafted":{"minecraft:crafting_table":1,"minecraft:jungle_boat":1,"minecraft:iron_helmet":1,"minecraft:wooden_pickaxe":1,"minecraft:iron_sword":1,"minecraft:furnace":2,"minecraft:stone_axe":1,"minecraft:bread":68,"minecraft:air":0,"minecraft:jungle_planks":112,"minecraft:iron_boots":1,"minecraft:shield":1,"minecraft:stick":16,"minecraft:iron_ingot":22,"minecraft:iron_pickaxe":1,"minecraft:stone_pickaxe":1,"minecraft:wooden_axe":1,"minecraft:iron_leggings":1,"minecraft:wheat":198},"minecraft:used":{"minecraft:stone_pickaxe":16,"minecraft:chest":1,"minecraft:wooden_pickaxe":14,"minecraft:shield":44,"minecraft:iron_sword":18,"minecraft:green_bed":3,"minecraft:jungle_boat":1,"minecraft:dirt":4,"minecraft:crafting_table":10,"minecraft:jungle_planks":18,"minecraft:wooden_axe":15,"minecraft:bread":38,"minecraft:smooth_sandstone":7,"minecraft:iron_pickaxe":204,"minecraft:iron_helmet":1,"minecraft:iron_boots":1,"minecraft:stone_axe":144,"minecraft:cobblestone":11,"minecraft:furnace":3},"minecraft:killed":{"minecraft:pig":3,"minecraft:spider":1,"minecraft:iron_golem":2,"minecraft:bat":2,"minecraft:sheep":7,"minecraft:skeleton":5,"minecraft:zombie":9,"minecraft:cow":2},"minecraft:mined":{"minecraft:cut_sandstone":24,"minecraft:jungle_door":1,"minecraft:jungle_leaves":3,"minecraft:smooth_sandstone":58,"minecraft:crafting_table":11,"minecraft:short_grass":13,"minecraft:grass_block":3,"minecraft:chest":1,"minecraft:jungle_log":27,"minecraft:tall_grass":1,"minecraft:cyan_bed":1,"minecraft:sugar_cane":10,"minecraft:smooth_sandstone_slab":3,"minecraft:hay_block":23,"minecraft:lime_bed":2,"minecraft:furnace":3,"minecraft:iron_ore":22,"minecraft:andesite":1,"minecraft:pumpkin":3,"minecraft:coal_ore":36,"minecraft:cocoa":1,"minecraft:vine":6,"minecraft:dirt":5,"minecraft:sand":1,"minecraft:smooth_sandstone_stairs":6,"minecraft:terracotta":2,"minecraft:stone":40,"minecraft:gold_ore":28,"minecraft:oak_leaves":6,"minecraft:green_bed":7,"minecraft:fern":2},"minecraft:picked_up":{"minecraft:lime_bed":2,"minecraft:cocoa_beans":9,"minecraft:crafting_table":11,"minecraft:jungle_boat":1,"minecraft:andesite":1,"minecraft:jungle_log":28,"minecraft:cut_sandstone":24,"minecraft:leather":3,"minecraft:wooden_pickaxe":1,"minecraft:smooth_sandstone_stairs":6,"minecraft:string":1,"minecraft:dirt":8,"minecraft:wooden_sword":1,"minecraft:smooth_sandstone":58,"minecraft:bone":7,"minecraft:bow":1,"minecraft:wheat_seeds":5,"minecraft:raw_gold":28,"minecraft:beef":3,"minecraft:iron_ingot":8,"minecraft:poppy":2,"minecraft:sugar_cane":10,"minecraft:chest":1,"minecraft:furnace":3,"minecraft:green_dye":1,"minecraft:egg":1,"minecraft:raw_iron":22,"minecraft:jungle_door":1,"minecraft:pumpkin":3,"minecraft:green_bed":7,"minecraft:porkchop":7,"minecraft:cyan_bed":1,"minecraft:smooth_sandstone_slab":3,"minecraft:arrow":9,"minecraft:rotten_flesh":8,"minecraft:stone_axe":1,"minecraft:hay_block":23,"minecraft:bread":1,"minecraft:terracotta":2,"minecraft:oak_sapling":2,"minecraft:coal":63,"minecraft:mutton":11,"minecraft:white_wool":7,"minecraft:cobblestone":44}},"DataVersion":3953}