{"stats":{"minecraft:custom":{"minecraft:interact_with_furnace":15,"minecraft:mob_kills":36,"minecraft:interact_with_crafting_table":27,"minecraft:leave_game":2,"minecraft:time_since_death":81934,"minecraft:sleep_in_bed":4,"minecraft:climb_one_cm":614,"minecraft:time_since_rest":15276,"minecraft:sprint_one_cm":344218,"minecraft:damage_taken":1419,"minecraft:walk_one_cm":235816,"minecraft:damage_blocked_by_shield":1566,"minecraft:drop":27,"minecraft:damage_dealt":8527,"minecraft:swim_one_cm":8725,"minecraft:player_kills":5,"minecraft:fly_one_cm":389539,"minecraft:open_chest":22,"minecraft:crouch_one_cm":2578,"minecraft:play_time":81934,"minecraft:sneak_time":1647,"minecraft:walk_under_water_one_cm":2404,"minecraft:boat_one_cm":97699,"minecraft:jump":1784,"minecraft:walk_on_water_one_cm":10334,"minecraft:total_world_time":81934,"minecraft:fall_one_cm":38294},"minecraft:dropped":{"minecraft:iron_ingot":3,"minecraft:bread":16,"minecraft:stone_axe":1,"minecraft:wheat_seeds":2,"minecraft:smooth_sandstone_stairs":6,"minecraft:rotten_flesh":7,"minecraft:cobblestone":10,"minecraft:green_dye":2,"minecraft:andesite":1,"minecraft:acacia_sapling":2,"minecraft:jungle_door":1,"minecraft:wooden_sword":1,"minecraft:smooth_sandstone_slab":3,"minecraft:arrow":7,"minecraft:bow":1,"minecraft:string":2,"minecraft:bone":9,"minecraft:acacia_pressure_plate":1,"minecraft:terracotta":2},"minecraft:crafted":{"minecraft:crafting_table":2,"minecraft:jungle_boat":1,"minecraft:iron_helmet":1,"minecraft:wooden_pickaxe":1,"minecraft:iron_sword":1,"minecraft:furnace":2,"minecraft:stone_axe":1,"minecraft:bread":68,"minecraft:air":0,"minecraft:jungle_planks":112,"minecraft:iron_boots":1,"minecraft:shield":1,"minecraft:stick":16,"minecraft:iron_ingot":22,"minecraft:iron_pickaxe":2,"minecraft:stone_pickaxe":1,"minecraft:wooden_axe":1,"minecraft:iron_leggings":1,"minecraft:acacia_planks":28,"minecraft:wheat":198},"minecraft:used":{"minecraft:water_bucket":1,"minecraft:stone_pickaxe":16,"minecraft:chest":1,"minecraft:wooden_pickaxe":14,"minecraft:shield":47,"minecraft:iron_sword":67,"minecraft:green_bed":3,"minecraft:jungle_boat":1,"minecraft:dirt":4,"minecraft:crafting_table":11,"minecraft:jungle_planks":24,"minecraft:wooden_axe":15,"minecraft:bread":46,"minecraft:smooth_sandstone":7,"minecraft:iron_pickaxe":206,"minecraft:iron_helmet":1,"minecraft:iron_boots":1,"minecraft:stone_axe":152,"minecraft:cobblestone":11,"minecraft:furnace":3,"minecraft:bucket":2},"minecraft:killed":{"minecraft:pig":3,"minecraft:spider":2,"minecraft:iron_golem":2,"minecraft:bat":2,"minecraft:sheep":7,"minecraft:skeleton":6,"minecraft:zombie":12,"minecraft:cow":2},"minecraft:mined":{"minecraft:cut_sandstone":24,"minecraft:acacia_leaves":1,"minecraft:jungle_door":1,"minecraft:red_bed":1,"minecraft:jungle_leaves":3,"minecraft:smooth_sandstone":58,"minecraft:crafting_table":11,"minecraft:short_grass":18,"minecraft:acacia_log":7,"minecraft:blast_furnace":1,"minecraft:grass_block":3,"minecraft:chest":1,"minecraft:jungle_log":27,"minecraft:dead_bush":1,"minecraft:tall_grass":1,"minecraft:cyan_bed":1,"minecraft:sugar_cane":10,"minecraft:smooth_sandstone_slab":3,"minecraft:hay_block":45,"minecraft:cactus":4,"minecraft:lime_bed":2,"minecraft:furnace":3,"minecraft:iron_ore":22,"minecraft:andesite":1,"minecraft:pumpkin":3,"minecraft:bell":1,"minecraft:coal_ore":36,"minecraft:cocoa":1,"minecraft:vine":6,"minecraft:dirt":5,"minecraft:sand":1,"minecraft:smooth_sandstone_stairs":6,"minecraft:terracotta":2,"minecraft:stone":40,"minecraft:orange_bed":1,"minecraft:gold_ore":28,"minecraft:oak_leaves":6,"minecraft:green_bed":7,"minecraft:fern":2},"minecraft:picked_up":{"minecraft:lime_bed":2,"minecraft:cocoa_beans":9,"minecraft:crafting_table":11,"minecraft:jungle_boat":1,"minecraft:andesite":1,"minecraft:jungle_log":28,"minecraft:cut_sandstone":24,"minecraft:leather":3,"minecraft:wooden_pickaxe":1,"minecraft:acacia_pressure_plate":1,"minecraft:smooth_sandstone_stairs":6,"minecraft:string":3,"minecraft:dirt":31,"minecraft:red_bed":1,"minecraft:wooden_sword":1,"minecraft:smooth_sandstone":58,"minecraft:bone":10,"minecraft:bow":1,"minecraft:wheat_seeds":23,"minecraft:raw_gold":28,"minecraft:bell":1,"minecraft:beef":3,"minecraft:iron_ingot":8,"minecraft:poppy":2,"minecraft:sugar_cane":10,"minecraft:chest":1,"minecraft:acacia_sapling":4,"minecraft:furnace":3,"minecraft:green_dye":1,"minecraft:egg":1,"minecraft:stick":3,"minecraft:raw_iron":22,"minecraft:jungle_door":1,"minecraft:pumpkin":3,"minecraft:acacia_log":7,"minecraft:green_bed":7,"minecraft:jungle_planks":1,"minecraft:porkchop":7,"minecraft:blast_furnace":1,"minecraft:cyan_bed":1,"minecraft:smooth_sandstone_slab":3,"minecraft:orange_bed":1,"minecraft:cactus":8,"minecraft:arrow":11,"minecraft:rotten_flesh":9,"minecraft:stone_axe":1,"minecraft:hay_block":45,"minecraft:bread":1,"minecraft:terracotta":2,"minecraft:oak_sapling":2,"minecraft:coal":63,"minecraft:mutton":11,"minecraft:white_wool":7,"minecraft:cobblestone":44}},"DataVersion":3953}