{"stats":{"minecraft:killed_by":{"minecraft:zombie":1},"minecraft:picked_up":{"minecraft:crafting_table":7,"minecraft:feather":4,"minecraft:chicken":5,"minecraft:jungle_log":2,"minecraft:leather":2,"minecraft:dirt":38,"minecraft:sea_pickle":2,"minecraft:wheat_seeds":4,"minecraft:rabbit_hide":2,"minecraft:iron_ingot":1,"minecraft:beef":2,"minecraft:rabbit":5,"minecraft:sugar_cane":15,"minecraft:oak_planks":1,"minecraft:furnace":4,"minecraft:egg":5,"minecraft:stick":8,"minecraft:raw_iron":30,"minecraft:torch":3,"minecraft:acacia_log":7,"minecraft:porkchop":7,"minecraft:sand":6,"minecraft:rotten_flesh":1,"minecraft:stone_axe":1,"minecraft:granite":9,"minecraft:coal":100,"minecraft:cobblestone":232},"minecraft:dropped":{"minecraft:iron_ingot":1,"minecraft:wheat_seeds":4},"minecraft:broken":{"minecraft:stone_pickaxe":1},"minecraft:crafted":{"minecraft:cooked_beef":2,"minecraft:cooked_porkchop":7,"minecraft:crafting_table":1,"minecraft:wooden_pickaxe":1,"minecraft:iron_helmet":1,"minecraft:furnace":1,"minecraft:air":0,"minecraft:jungle_planks":8,"minecraft:iron_chestplate":1,"minecraft:iron_boots":1,"minecraft:shield":1,"minecraft:stick":8,"minecraft:iron_ingot":30,"minecraft:iron_pickaxe":2,"minecraft:stone_pickaxe":1,"minecraft:acacia_planks":28,"minecraft:torch":24,"minecraft:cooked_rabbit":2},"minecraft:mined":{"minecraft:crafting_table":7,"minecraft:granite":9,"minecraft:short_grass":14,"minecraft:acacia_log":7,"minecraft:grass_block":6,"minecraft:dead_bush":10,"minecraft:jungle_log":2,"minecraft:tall_grass":6,"minecraft:sugar_cane":6,"minecraft:oak_planks":1,"minecraft:wall_torch":4,"minecraft:furnace":4,"minecraft:sea_pickle":1,"minecraft:iron_ore":30,"minecraft:coal_ore":76,"minecraft:vine":1,"minecraft:sand":7,"minecraft:dirt":32,"minecraft:stone":232},"minecraft:used":{"minecraft:stone_pickaxe":140,"minecraft:wooden_pickaxe":4,"minecraft:rotten_flesh":1,"minecraft:torch":12,"minecraft:dirt":12,"minecraft:sand":3,"minecraft:crafting_table":7,"minecraft:granite":9,"minecraft:iron_pickaxe":236,"minecraft:stone_axe":56,"minecraft:cobblestone":12,"minecraft:furnace":4,"minecraft:cooked_rabbit":1,"minecraft:sea_pickle":2,"minecraft:egg":5,"minecraft:cooked_beef":2},"minecraft:custom":{"minecraft:interact_with_furnace":20,"minecraft:mob_kills":17,"minecraft:interact_with_crafting_table":10,"minecraft:leave_game":1,"minecraft:time_since_death":0,"minecraft:sleep_in_bed":1,"minecraft:climb_one_cm":20,"minecraft:time_since_rest":123,"minecraft:sprint_one_cm":53344,"minecraft:damage_taken":339,"minecraft:walk_one_cm":70467,"minecraft:drop":5,"minecraft:damage_dealt":1020,"minecraft:fly_one_cm":101742,"minecraft:open_chest":2,"minecraft:crouch_one_cm":648,"minecraft:play_time":29148,"minecraft:deaths":1,"minecraft:sneak_time":364,"minecraft:jump":534,"minecraft:walk_on_water_one_cm":202,"minecraft:total_world_time":29148,"minecraft:fall_one_cm":10274},"minecraft:killed":{"minecraft:pig":4,"minecraft:rabbit":5,"minecraft:spider":1,"minecraft:zombie":1,"minecraft:chicken":5,"minecraft:cow":1}},"DataVersion":3953}