{"stats":{"minecraft:picked_up":{"minecraft:crafting_table":6,"minecraft:feather":4,"minecraft:chicken":5,"minecraft:jungle_log":2,"minecraft:leather":2,"minecraft:dirt":27,"minecraft:sea_pickle":2,"minecraft:wheat_seeds":4,"minecraft:rabbit_hide":2,"minecraft:beef":2,"minecraft:rabbit":5,"minecraft:sugar_cane":15,"minecraft:oak_planks":1,"minecraft:furnace":3,"minecraft:egg":5,"minecraft:stick":8,"minecraft:raw_iron":7,"minecraft:torch":1,"minecraft:acacia_log":7,"minecraft:porkchop":7,"minecraft:sand":6,"minecraft:rotten_flesh":1,"minecraft:stone_axe":1,"minecraft:coal":62,"minecraft:cobblestone":57},"minecraft:dropped":{"minecraft:wheat_seeds":4},"minecraft:crafted":{"minecraft:cooked_beef":2,"minecraft:cooked_porkchop":7,"minecraft:crafting_table":1,"minecraft:wooden_pickaxe":1,"minecraft:furnace":1,"minecraft:air":0,"minecraft:jungle_planks":8,"minecraft:shield":1,"minecraft:stick":4,"minecraft:iron_ingot":6,"minecraft:iron_pickaxe":1,"minecraft:stone_pickaxe":1,"minecraft:acacia_planks":28,"minecraft:torch":24,"minecraft:cooked_rabbit":2},"minecraft:mined":{"minecraft:crafting_table":6,"minecraft:short_grass":14,"minecraft:acacia_log":7,"minecraft:grass_block":4,"minecraft:dead_bush":10,"minecraft:jungle_log":2,"minecraft:tall_grass":6,"minecraft:sugar_cane":6,"minecraft:oak_planks":1,"minecraft:wall_torch":1,"minecraft:furnace":3,"minecraft:sea_pickle":1,"minecraft:iron_ore":7,"minecraft:coal_ore":38,"minecraft:vine":1,"minecraft:sand":7,"minecraft:dirt":23,"minecraft:stone":57},"minecraft:used":{"minecraft:stone_pickaxe":82,"minecraft:wooden_pickaxe":4,"minecraft:rotten_flesh":1,"minecraft:torch":4,"minecraft:dirt":11,"minecraft:sand":3,"minecraft:crafting_table":6,"minecraft:iron_pickaxe":44,"minecraft:stone_axe":55,"minecraft:furnace":3,"minecraft:cooked_rabbit":1,"minecraft:sea_pickle":2,"minecraft:egg":5,"minecraft:cooked_beef":2},"minecraft:custom":{"minecraft:interact_with_furnace":11,"minecraft:mob_kills":17,"minecraft:interact_with_crafting_table":7,"minecraft:time_since_death":18235,"minecraft:sleep_in_bed":1,"minecraft:climb_one_cm":20,"minecraft:time_since_rest":14966,"minecraft:sprint_one_cm":45842,"minecraft:damage_taken":115,"minecraft:walk_one_cm":52862,"minecraft:drop":4,"minecraft:damage_dealt":1020,"minecraft:fly_one_cm":99049,"minecraft:open_chest":2,"minecraft:crouch_one_cm":190,"minecraft:play_time":18235,"minecraft:sneak_time":172,"minecraft:jump":421,"minecraft:walk_on_water_one_cm":202,"minecraft:total_world_time":18235,"minecraft:fall_one_cm":10274},"minecraft:killed":{"minecraft:pig":4,"minecraft:rabbit":5,"minecraft:spider":1,"minecraft:zombie":1,"minecraft:chicken":5,"minecraft:cow":1}},"DataVersion":3953}